kol_account,profile_post_count,last_checked_at,last_changed_at,check_status
adasuper87,1068.0,2026-07-13 21:37:02,2026-07-11 21:36:44,skipped_same_count
meow_ying_,497.0,2026-07-13 21:36:58,2026-07-12 21:37:06,skipped_same_count
brian_diandan,502.0,2026-07-13 21:36:54,2026-07-10 22:44:42,skipped_same_count
lyc._.16,419.0,2026-07-13 21:36:50,2026-07-13 21:36:50,changed_fetching
_i_i_dayday,710.0,2026-07-13 21:36:47,2026-07-13 21:36:47,changed_fetching
snoop123v,1346.0,2026-07-13 21:36:43,2026-07-13 21:36:43,changed_saved
q1a2z3w4s5x6r,2000.0,2026-07-13 21:36:39,2026-07-11 19:18:05,skipped_same_count
hl_yuan,438.0,2026-07-13 21:36:35,2026-07-11 19:18:01,skipped_same_count
made.with.gold,640.0,2026-07-13 21:36:31,2026-07-11 21:36:13,skipped_same_count
coffeewayne_,71.0,2026-07-13 21:36:27,2026-06-30 20:22:37,skipped_same_count
mmark_hsu,2158.0,2026-07-13 21:36:23,2026-07-11 12:24:13,skipped_same_count
lichenghaos,413.0,2026-07-13 21:36:19,2026-07-10 20:04:45,skipped_same_count
rli.tw,128.0,2026-07-13 21:36:16,2026-07-13 18:41:43,skipped_same_count
lun.tw,722.0,2026-07-13 21:36:12,2026-07-13 21:36:12,changed_fetching
dylee.an,177.0,2026-07-13 21:36:08,2026-07-08 22:30:39,skipped_same_count
mythekai,290.0,2026-07-13 21:36:04,2026-07-11 19:17:30,skipped_same_count
veedachang_,1856.0,2026-07-13 21:36:01,2026-07-13 21:36:01,changed_fetching
ujlee0415,574.0,2026-07-13 21:35:56,2026-07-13 21:35:56,changed_fetching
vigueurchen,60.0,2026-07-13 21:35:53,2026-07-07 22:52:14,skipped_same_count
jefferyjuniorr,1165.0,2026-07-13 21:35:49,2026-07-13 21:35:49,changed_fetching
c13nn,472.0,2026-07-13 21:35:45,2026-07-11 21:35:22,skipped_same_count
yoona_lalala_,206.0,2026-07-13 21:35:41,2026-07-13 11:56:15,skipped_same_count
kcting_____,1213.0,2026-07-13 21:35:37,2026-07-10 22:38:04,skipped_same_count
chjaneen,537.0,2026-07-13 21:35:33,2026-07-10 20:03:57,skipped_same_count
laurenveur,331.0,2026-07-13 21:35:29,2026-07-07 00:32:56,skipped_same_count
zora_1024,1878.0,2026-07-13 21:35:26,2026-07-12 23:08:50,skipped_same_count
zona.ccc,300.0,2026-07-13 21:35:22,2026-07-13 21:35:22,changed_fetching
zoebitalk,1448.0,2026-07-13 21:35:18,2026-07-13 18:40:43,skipped_same_count
yuus2.0,1084.0,2026-07-13 21:35:14,2026-07-10 00:07:53,skipped_same_count
yushit_whonow,42.0,2026-07-13 21:35:10,2026-07-05 16:17:53,skipped_same_count
yuka_wang_,586.0,2026-07-13 21:35:07,2026-07-13 21:35:07,changed_fetching
yoooniii___,1725.0,2026-07-13 21:35:03,2026-07-12 21:34:59,skipped_same_count
yi_hsien_1123,40.0,2026-07-13 21:34:59,2026-07-07 00:32:23,skipped_same_count
yi_chan_liang,3304.0,2026-07-13 21:34:55,2026-07-11 21:34:24,skipped_same_count
xin_yeee719,682.0,2026-07-13 21:34:51,2026-07-12 23:08:13,skipped_same_count
xiaoawww,562.0,2026-07-13 21:34:45,2026-04-05 03:29:11,skipped_same_count
xbabyx520,267.0,2026-07-13 21:34:41,2026-07-10 00:07:20,skipped_same_count
x.yunny.x,2869.0,2026-07-13 21:34:35,2026-07-13 21:34:35,changed_saved
wow4ivan,301.0,2026-07-13 21:34:30,2026-07-13 21:34:30,changed_fetching
woo_hsiang_chun,1163.0,2026-07-13 21:34:26,2026-07-12 21:34:25,skipped_same_count
weiweibig,1339.0,2026-07-13 21:34:22,2026-07-12 21:34:21,skipped_same_count
weiwei4320,1122.0,2026-07-13 21:34:18,2026-07-01 23:52:33,skipped_same_count
wayne__yeah,1444.0,2026-07-13 21:34:14,2026-07-13 21:34:14,changed_fetching
wangkaiwen820,149.0,2026-07-13 21:34:11,2026-07-10 20:02:30,skipped_same_count
wan_ting_tsai_,150.0,2026-07-13 21:34:07,2026-07-09 20:15:37,skipped_same_count
vv_levia,1322.0,2026-07-13 21:34:03,2026-07-12 14:43:21,skipped_same_count
uriko1219,483.0,2026-07-13 21:33:59,2026-07-11 21:33:29,skipped_same_count
tsengsean,1439.0,2026-07-13 21:33:55,2026-07-10 13:02:15,skipped_same_count
thetiffanychen,2243.0,2026-07-13 21:33:51,2026-07-13 15:03:53,skipped_same_count
thedodomen,1202.0,2026-07-13 21:33:48,2026-07-13 21:33:48,changed_saved
teacherchiang,2023.0,2026-07-13 21:33:43,2026-07-12 11:52:07,skipped_same_count
tanmilin,1181.0,2026-07-13 21:33:39,2026-07-13 18:39:02,skipped_same_count
tang_ful,1578.0,2026-07-13 21:33:35,2026-07-13 18:38:57,skipped_same_count
syrinxcat,2222.0,2026-07-13 21:33:31,2026-07-08 22:27:48,skipped_same_count
sonia_0929,275.0,2026-07-13 21:33:27,2026-07-12 05:00:02,skipped_same_count
shawn328_,1200.0,2026-07-13 21:33:23,2026-07-12 03:16:05,skipped_same_count
selinalee_0126,309.0,2026-07-13 21:33:17,2026-06-29 22:14:09,skipped_same_count
seaerr__,349.0,2026-07-13 21:33:12,2026-07-10 22:40:40,skipped_same_count
run_fong0526,182.0,2026-07-13 21:33:06,2026-07-09 16:38:46,skipped_same_count
rrei_ier,1543.0,2026-07-13 21:33:02,2026-07-11 17:46:50,skipped_same_count
rockerivanliu,531.0,2026-07-13 21:32:59,2026-06-16 02:47:23,skipped_same_count
reformerz_kior,450.0,2026-07-13 21:32:55,2026-04-05 03:30:41,skipped_same_count
raydenyang,498.0,2026-07-13 21:32:51,2026-06-23 00:01:50,skipped_same_count
qqamy0720,796.0,2026-07-13 21:32:47,2026-07-11 17:46:34,skipped_same_count
qop0102qop,715.0,2026-07-13 21:32:43,2026-06-27 01:08:46,skipped_same_count
qdd_x1,395.0,2026-07-13 21:32:38,2026-07-10 00:05:08,skipped_same_count
plgm_0827,480.0,2026-07-13 21:32:34,2026-07-09 13:02:37,skipped_same_count
pinpin_0522,212.0,2026-07-13 21:32:31,2026-05-06 00:34:45,skipped_same_count
pigcatmama,1149.0,2026-07-13 21:32:27,2026-07-10 16:32:56,skipped_same_count
peeta.gege,910.0,2026-07-13 21:32:18,2026-07-13 21:32:18,changed_fetching
patrickliu0721,888.0,2026-07-13 21:32:14,2026-05-23 21:48:41,skipped_same_count
orlando_1218,1072.0,2026-07-13 21:32:10,2026-07-12 21:32:12,skipped_same_count
ooxxq60297ya,4665.0,2026-07-13 21:32:07,2026-07-13 18:37:34,skipped_same_count
ntsai25,4661.0,2026-07-13 21:32:03,2026-07-13 15:02:08,skipped_same_count
noloveclub127,34.0,2026-07-13 21:31:59,2026-06-21 18:38:15,skipped_same_count
ning3035,2649.0,2026-07-13 21:31:55,2026-07-13 21:31:55,changed_saved
nene_shao,777.0,2026-07-13 21:31:50,2026-07-11 01:03:35,skipped_same_count
myrna.17,413.0,2026-07-13 21:31:46,2026-07-10 20:00:11,skipped_same_count
mrcheu1019,228.0,2026-07-13 21:31:40,2026-07-08 22:26:05,skipped_same_count
mori.s0909,1742.0,2026-07-13 21:31:36,2026-05-10 11:42:43,skipped_same_count
mitayen,801.0,2026-07-13 21:31:32,2026-07-13 21:31:32,changed_fetching
mimi00419,1386.0,2026-07-13 21:31:28,2026-07-12 19:18:18,skipped_same_count
mia9348,2338.0,2026-07-13 21:31:23,2026-07-13 18:36:54,skipped_same_count
maygobla,1539.0,2026-07-13 21:31:20,2026-07-10 22:38:51,skipped_same_count
m____sir,99.0,2026-07-13 21:31:16,2026-06-30 13:11:43,skipped_same_count
lotmainidea,185.0,2026-07-13 21:31:12,2026-07-09 20:12:50,skipped_same_count
lockingjack,2282.0,2026-07-13 21:31:08,2026-07-13 21:31:08,changed_fetching
lees_is_me,1555.0,2026-07-13 21:31:04,2026-07-12 23:04:30,skipped_same_count
l1vius07,124.0,2026-07-13 21:31:00,2026-07-12 06:57:44,skipped_same_count
l.chingchun,967.0,2026-07-13 21:30:56,2026-06-24 20:25:46,skipped_same_count
kusowhite,796.0,2026-07-13 21:30:52,2026-07-11 21:30:24,skipped_same_count
kudream,288.0,2026-07-13 21:30:48,2026-07-05 16:13:40,skipped_same_count
ktgn556412,549.0,2026-07-13 21:30:44,2026-07-13 00:10:24,skipped_same_count
kiki_theblogger,1443.0,2026-07-13 21:30:41,2026-07-12 21:30:37,skipped_same_count
k3okii,1402.0,2026-07-13 21:30:33,2026-07-05 16:13:24,skipped_same_count
juliamisakii,1869.0,2026-07-13 21:30:30,2026-07-13 21:30:30,changed_fetching
joliechi,1496.0,2026-07-13 21:30:26,2026-07-12 19:17:13,skipped_same_count
itspeachi_,736.0,2026-07-13 21:30:22,2026-07-12 21:30:17,skipped_same_count
itrainyourmom,261.0,2026-07-13 21:30:19,2026-07-04 12:41:41,skipped_same_count
im_lilflower,141.0,2026-07-13 21:30:14,2026-06-24 13:07:35,skipped_same_count
illywang,717.0,2026-07-13 21:30:10,2026-07-13 21:30:10,changed_fetching
hungkai.c,217.0,2026-07-13 21:30:04,2026-07-11 19:11:28,skipped_same_count
hsuan09876,294.0,2026-07-13 21:30:00,2026-07-05 21:50:09,skipped_same_count
homei0416,497.0,2026-07-13 21:29:56,2026-07-13 21:29:56,changed_fetching
hoelaine1116,1751.0,2026-07-13 21:29:52,2026-07-13 14:59:59,skipped_same_count
heyheyastor,2638.0,2026-07-13 21:29:48,2026-07-11 21:29:16,skipped_same_count
helloiamhook,1183.0,2026-07-13 21:29:44,2026-07-13 00:09:23,skipped_same_count
gracechiang105,193.0,2026-07-13 21:29:41,2026-07-10 00:02:08,skipped_same_count
goldfishbrain17,970.0,2026-07-13 21:29:37,2026-07-13 21:29:37,changed_fetching
giseleeel,404.0,2026-07-13 21:29:33,2026-07-12 03:12:18,skipped_same_count
gemma_chang,851.0,2026-07-13 21:29:29,2026-06-29 12:17:31,skipped_same_count
gdan_pudding,1414.0,2026-07-13 21:29:26,2026-07-12 21:29:20,skipped_same_count
frannie0420,204.0,2026-07-13 21:29:22,2026-07-08 01:21:48,skipped_same_count
fc313,74.0,2026-07-13 21:29:18,2026-06-01 18:25:46,skipped_same_count
evasports_,1903.0,2026-07-13 21:29:15,2026-07-12 23:02:29,skipped_same_count
evalin555,2491.0,2026-07-13 21:29:11,2026-07-11 01:00:55,skipped_same_count
ethan_hung3513,245.0,2026-07-13 21:29:05,2026-07-13 18:34:31,skipped_same_count
elun1020,1082.0,2026-07-13 21:29:01,2026-07-09 20:10:38,skipped_same_count
ellington20,517.0,2026-07-13 21:28:57,2026-06-28 23:22:52,skipped_same_count
ellieciouss,4449.0,2026-07-13 21:28:51,2026-07-12 23:02:06,skipped_same_count
elephant_gogo,1956.0,2026-07-13 21:28:47,2026-07-13 21:28:47,changed_fetching
dododo_yu,1138.0,2026-07-13 21:28:43,2026-07-13 11:49:08,skipped_same_count
diamond1018,1322.0,2026-07-13 21:28:39,2026-07-10 16:28:10,skipped_same_count
dayxcx_n,182.0,2026-07-13 21:28:35,2026-07-11 17:42:24,skipped_same_count
david_der_der,802.0,2026-07-13 21:28:31,2026-07-12 11:46:48,skipped_same_count
da_chien_huang,523.0,2026-07-13 21:28:25,2026-07-10 19:56:50,skipped_same_count
cody.0928,76.0,2026-07-13 21:28:21,2026-07-08 22:22:27,skipped_same_count
clio1008,898.0,2026-07-13 21:28:17,2026-07-11 01:00:07,skipped_same_count
cindyhhh32,1706.0,2026-07-13 21:28:13,2026-07-11 17:42:04,skipped_same_count
cinderzoee,868.0,2026-07-13 21:28:09,2026-07-12 23:01:22,skipped_same_count
chuyo622,4220.0,2026-07-13 21:28:04,2026-07-10 22:35:21,skipped_same_count
chiao_w,2120.0,2026-07-13 21:28:01,2026-05-20 21:43:49,skipped_same_count
cheng4fake,470.0,2026-07-13 21:27:57,2026-07-05 19:07:59,skipped_same_count
chelseafoodlife,2081.0,2026-07-13 21:27:53,2026-07-12 23:01:06,skipped_same_count
ch.ineffable,1210.0,2026-07-13 21:27:49,2026-07-10 22:35:06,skipped_same_count
cailingliou,892.0,2026-07-13 21:27:45,2026-07-05 21:47:51,skipped_same_count
bumpbro,24.0,2026-07-13 21:27:41,2026-07-04 08:08:54,skipped_same_count
brightlife_magrate,851.0,2026-07-13 21:27:38,2026-07-09 16:33:21,skipped_same_count
arielsvlog_816,1446.0,2026-07-13 21:27:34,2026-07-13 14:57:42,skipped_same_count
apple_misscrazy,1717.0,2026-07-13 21:27:30,2026-07-09 23:59:56,skipped_same_count
annie19880521,1282.0,2026-07-13 21:27:26,2026-07-13 18:32:44,skipped_same_count
althea_hsingan,2162.0,2026-07-13 21:27:22,2026-07-13 21:27:22,changed_fetching
aliceeecccc,3324.0,2026-07-13 21:27:18,2026-07-13 18:32:36,skipped_same_count
alferdpacker69,1014.0,2026-07-13 21:27:14,2026-07-13 04:54:46,skipped_same_count
51yui_,531.0,2026-07-13 21:27:10,2026-07-13 18:32:28,skipped_same_count
2.20_l,2028.0,2026-07-13 21:27:07,2026-07-13 21:27:07,changed_fetching
16v0_0v16,184.0,2026-07-13 21:27:03,2026-05-14 15:45:22,skipped_same_count
1_shiuan_0,2923.0,2026-07-13 21:26:59,2026-07-12 21:26:44,skipped_same_count
_nakaw,112.0,2026-07-13 21:26:54,2026-07-01 20:36:29,skipped_same_count
___hsun____,1644.0,2026-07-13 21:26:50,2026-07-09 23:59:09,skipped_same_count
