kol_account,reels_shortcode
homei0416,DWtMKHYkjlD
yoooniii___,DWp76lzkwiz
homei0416,DWp8N7DzqWc
apple_misscrazy,DWoUWrrE8un
2.20_l,DWoTfDtCQg8
althea_hsingan,DWoS0TPEyWp
wow4ivan,DWoPXpfky77
seaerr__,DWoO9DCyntz
xbabyx520,DWoGI1iCSDv
yoooniii___,DWoGRUtE2bj
da_chien_huang,DWn50R4SuOr
plgm_0827,DWnqoqVkX-L
tang_ful,DWnbjankwpO
homei0416,DWlwhidEl7Q
althea_hsingan,DWlwWKAk3hH
wow4ivan,DWlqX3yEwdZ
hungkai.c,DWliwYThuSB
homei0416,DWlJh8VEqXj
qdd_x1,DWjQFUGCQ1b
plgm_0827,DWjN7G5khQJ
xin_yeee719,DWjF34akr-4
homei0416,DWjC2e8k_S6
yuus2.0,DWi_O8yD2qO
apple_misscrazy,DWiObFjhVF3
seaerr__,DWg-3ChP_kJ
2.20_l,DWgnPL0CYTE
wow4ivan,DWghR0Fk4GT
yuus2.0,DWgfbz9j2m7
tang_ful,DWgSHk9E03s
weiweibig,DWgRXvskqrJ
xbabyx520,DWgD04iExOI
seaerr__,DWeE07rklED
tang_ful,DWbNhPcEwNT
raydenyang,DWY4e4lyX2l
yoooniii___,DWYqNVwE3mI
weiweibig,DWYmGYbkThd
gdan_pudding,DWYR7esk642
plgm_0827,DWX6pA8zbet
maygobla,DWWTH4mEdw4
itrainyourmom,DWWSY0YE8p8
mitayen,DWWIUvpxTpv
wow4ivan,DWWGpIZk_ja
wayne__yeah,DWTu2s4Elt9
yoooniii___,DWTqNG4k7NV
mitayen,DWTlfWgEuYB
tang_ful,DWTabDVkvUb
qdd_x1,DWSxGmICe2e
wayne__yeah,DWRLIHmEvqp
tang_ful,DWQ-wOVExFb
weiweibig,DWQ1q-SkazX
yoooniii___,DWOmBR9E9jO
maygobla,DWOSKrGkXmo
2.20_l,DWMFtk1iYCA
tang_ful,DWMBe8Kk4rW
2.20_l,DWJd-CrCV_B
mitayen,DWJWfxNkgue
althea_hsingan,DWG2VexPzVE
xin_yeee719,DWGoV59ErtN
syrinxcat,DWEZhZ-gabO
yuus2.0,DWEKw_vj_Ye
wayne__yeah,DWBta3xD4ea
weiweibig,DWBT0aPkl0g
plgm_0827,DWA9NDRk18e
tang_ful,DV-450dkw4p
dododo_yu,DV-xAhGAYnF
weiweibig,DV-0NKmEegk
im_lilflower,DV-Kqspk_bl
yuus2.0,DV8YGPUD-ur
kiki_theblogger,DV8P-X2gdBc
syrinxcat,DV6FkpfgTEm
qdd_x1,DV55Do2iagP
gdan_pudding,DV535Enk4rY
tang_ful,DV3OXLZkwH4
noloveclub127,DV2y7Q9EVu_
plgm_0827,DV2qC4EE3lF
xin_yeee719,DV2bvxmkmSR
kiki_theblogger,DV05t2IAbxx
wangkaiwen820,DV0s7P2k1fA
maygobla,DVySEI7kfJk
dododo_yu,DVyRBOmgU3K
xin_yeee719,DVyJqDvkn79
yuus2.0,DVyEfyDD8NW
plgm_0827,DVxgd_0EwaR
dododo_yu,DVvsTyPAXPN
apple_misscrazy,DVtJQbsExLj
noloveclub127,DVtFLoVETX4
plgm_0827,DVsJI2YE-QL
yuus2.0,DVqYK0aj9sW
orlando_1218,DVqO9VLEXTi
51yui_,DW20IJ8gVmQ
51yui_,DW0Qp76Aans
zona.ccc,DW1QxiAkd7G
hoelaine1116,DWfpAvlTgR5
ooxxq60297ya,DW2yhmGgFoh
ooxxq60297ya,DW0ubcmj555
ooxxq60297ya,DW0MoC0CSU5
seaerr__,DWylT3ZDCb8
wow4ivan,DW3tQjWE3G8
mitayen,DW1HIKDkoUo
qqamy0720,DW0648Tk5i-
qdd_x1,DWwAtTViRcI
althea_hsingan,DW1MrMsPMBL
althea_hsingan,DWyqnm-kzpj
althea_hsingan,DWjFXqBE_BM
althea_hsingan,DW3xd1mPNWC
2.20_l,DW3ywvVib-w
homei0416,DWnXcNlkvwl
homei0416,DW3oB5WkmIh
homei0416,DW3nyA8kbZF
maygobla,DW33a_ekXAS
maygobla,DWy1CwmiW5C
maygobla,DWqGxRgkTA6
wayne__yeah,DW3yFxoEngm
wayne__yeah,DWluRtFkiHw
wayne__yeah,DWjLpK-kves
kcting_____,DW3sUTCCW4u
kcting_____,DWwGlo4iUdB
kcting_____,DWlk7R1CROZ
joliechi,DW39EUuiZlF
teacherchiang,DW4C6LLjwPO
teacherchiang,DWysz8VjywQ
teacherchiang,DWtW6BJDy81
ellieciouss,DW3yQ30j6DB
ellieciouss,DW1Qj43j9CT
ellieciouss,DWynuAUjyYs
zona.ccc,DWqh7YKE7IF
cinderzoee,DW1P633j-SJ
cinderzoee,DWoXyjjj2rz
cinderzoee,DWjOYMGgdVF
1_shiuan_0,DW3wwj1EWLc
aliceeecccc,DViYfVfEdT4
aliceeecccc,DW3vZ6Yk1Ba
heyheyastor,DVckWBtj8Lt
kudream,DW3qmeXlGk0
kudream,DWBY47kjbZ3
___hsun____,DW3qOo1E6O0
___hsun____,DWwDVpOE63X
juliamisakii,DWTn8neSffT
lees_is_me,DW38PrEk8z1
lees_is_me,DW1O-YjE5y7
lees_is_me,DWy1Klhk8Rc
tsengsean,DW3cwNXgfAE
tsengsean,DWvOVchgQCb
annie19880521,DW30gZDExaD
annie19880521,DW0xlzfk9LB
annie19880521,DWwaa39kzjF
gemma_chang,DW3T-8mE-1Z
gemma_chang,DVYBW8kk964
alferdpacker69,DW3P4Mxgkaz
alferdpacker69,DWhHd46CUKN
alferdpacker69,DWe-GcjEpYP
elun1020,DW3mBFFTuaw
hoelaine1116,DW5YuYIj_v3
hoelaine1116,DW20DgdD0Ok
hoelaine1116,DW0QQBED2aG
joliechi,DW5cB_qCdWB
nene_shao,DWtVC3kDLWS
nene_shao,DWl45yZDIg_
ooxxq60297ya,DW5bk7IDiSK
tanmilin,DW5e4ljk4HM
tanmilin,DVYZv4kE0Hf
wan_ting_tsai_,DWbQCcvDmlJ
wan_ting_tsai_,DWV6rVVDird
wan_ting_tsai_,DWEBOqiFGrA
laurenveur,DW1HdEiEhN8
laurenveur,DWy9up4kgZ5
laurenveur,DWts6A8keh2
c13nn,DWypDLiE5cS
c13nn,DWq5ku3EyYD
c13nn,DWlxRAkk7R9
jefferyjuniorr,DW3xaf2pdQB
jefferyjuniorr,DW1MwPtpKdz
jefferyjuniorr,DWyoLAJJf46
lun.tw,DW1Juu2DB5v
lun.tw,DWylitHDAQB
lun.tw,DWwAYQKDNGv
coffeewayne_,DVlHkbukwnM
hl_yuan,DW3eGXWCbo6
hl_yuan,DWyUjtPCe6L
hl_yuan,DWtLBlGCc3P
snoop123v,DWvsGo4Euut
snoop123v,DWlpZ5Wkul9
snoop123v,DWjJWQpkrVC
_i_i_dayday,DW3yhWmkn14
_i_i_dayday,DW1NIeIEgJX
_i_i_dayday,DWyoOiBgQxZ
lyc._.16,DW3xaf2pdQB
lyc._.16,DW09o1nDPlQ
lyc._.16,DWv40l_DLJo
brian_diandan,DW3xRzYjASC
brian_diandan,DWylT3ZDCb8
elun1020,DW3rHf6k7hI
weiweibig,DWRD6aHEszj
weiweibig,DW6BxePkjZ9
arielsvlog_816,DW6CJMFklp9
arielsvlog_816,DWyVnKJknaI
arielsvlog_816,DWoHTpVku9t
kcting_____,DW6LapWCTui
ooxxq60297ya,DW6Js9TlOlP
teacherchiang,DW6G249lbNW
yoooniii___,DW6OaHJkzfb
yoooniii___,DW1HjYtE2e-
yoooniii___,DWwEbpXk7bI
yuus2.0,DW6Ms3Xj-7s
yuus2.0,DW1BIBSj4la
yuus2.0,DWoPFHGD0s8
zora_1024,DW6GwUigTOC
zora_1024,DWyw5QimKlW
zora_1024,DWvHAhYGA9U
lyc._.16,DW6Fq_IScs3
brian_diandan,DW6PVcHiSIb
aliceeecccc,DW6XmGJDw0v
althea_hsingan,DW6WK8uPoAX
chelseafoodlife,DW6VSgVk3Nr
chelseafoodlife,DWv8Mvbkxd0
chelseafoodlife,DWtnTzzE1ov
cinderzoee,DW6XJl7j8cT
cindyhhh32,DW6SD1ckxU1
cindyhhh32,DW1RFXrE7PB
cindyhhh32,DWWW96nkzKF
ellieciouss,DW6Wxwqj-K7
lees_is_me,DW6bk-IE-m3
ntsai25,DW6Z5nck4fF
ntsai25,DW1H1R0k2Y9
ntsai25,DWoAlxokwpk
thedodomen,DW6Wv12J6XD
thedodomen,DWyortVj1Mf
wayne__yeah,DW6WxxIJRms
yuus2.0,DW6WvVvj42Z
laurenveur,DW6VTfCkWVV
jefferyjuniorr,DW6WRQ0JKYM
_i_i_dayday,DW6YeyEEn7P
2.20_l,DW6Tr22idTW
51yui_,DWybf8oFMxi
vv_levia,DW6sDLVk-xG
vv_levia,DW1UFRXEzj0
vv_levia,DWgvvqAk7qx
zona.ccc,DW6PLILEyoO
51yui_,DW79gHugehL
elun1020,DW792GMEzQB
hoelaine1116,DW79Sg0D74o
ooxxq60297ya,DW7-Fy2gDyV
plgm_0827,DW8FPlIzLWC
plgm_0827,DW2NvI6kg8k
ch.ineffable,DW8SWl7EfKs
ch.ineffable,DWxv3DXkcq1
ch.ineffable,DWv9lAcEW-U
ooxxq60297ya,DW8dUVblAfO
tsengsean,DW8gt2pgbbd
uriko1219,DW8OGwwkynP
uriko1219,DWlPInkE17Y
aliceeecccc,DW8oIxuES71
apple_misscrazy,DWkJcgziaBG
apple_misscrazy,DW8ntFXk7uF
apple_misscrazy,DWxkxKvExUu
xin_yeee719,DW8kTS-EqQl
xin_yeee719,DW1IewSkiMR
xin_yeee719,DWwBzPPkmGF
yi_hsien_1123,DW8pfgjk82R
yi_hsien_1123,DWyQHOGE4AG
yi_hsien_1123,DWvapRLkxCF
hl_yuan,DW8rNM8iUcG
snoop123v,DW8kLnXkn27
cailingliou,DW8ueRdE8bU
cailingliou,DW1LWenEzmy
cailingliou,DWwTgmSk5NM
qop0102qop,DW8zLSFFF27
qop0102qop,DWWUw0LlKZW
qop0102qop,DWOaEZLgjXg
lyc._.16,DW8xQ0oy0cZ
althea_hsingan,DW87B9svm6u
kcting_____,DW83638Cfh-
kiki_theblogger,DVVSoMkEkEI
nene_shao,DW81PhLE-pv
rrei_ier,DW87lmDj28h
rrei_ier,DWthgjhj3TX
rrei_ier,DWWgDesD2cS
thedodomen,DW8_BJWkgI_
wayne__yeah,DW89RoxEkRq
yoooniii___,DW8684Wj_ma
c13nn,DW88myukwL1
jefferyjuniorr,DW87IaBpKWA
_i_i_dayday,DW86zVTkr_s
brian_diandan,DW81psvkWB5
ellieciouss,DW9Ad5SDwZb
joliechi,DW8_ZN9iYez
lees_is_me,DW9AOpuk_y8
annie19880521,DW9OzQZk0wS
aliceeecccc,DW-kY9hEXtH
ning3035,DW-5Us0D1Gi
ning3035,DWvyzCkD8jc
ning3035,DWoCyiBD0Ou
ooxxq60297ya,DW-zd6xAOyM
tanmilin,DWte0Kjk7_b
rrei_ier,DW-_wU6Dzd5
illywang,DW_EzDxkZQZ
illywang,DVvO2RFDiJ1
illywang,DVe68V4E-Ef
yi_hsien_1123,DW_H6MJk2fh
mimi00419,DW_L3zyCd0H
mimi00419,DWyjCLYGAHL
yoooniii___,DW_PNWDD4zB
nene_shao,DW_SCvZkx8X
annie19880521,DW_e_bWkyUs
ch.ineffable,DW_XDYJEcR8
ooxxq60297ya,DW_a2FPFGCH
patrickliu0721,DW1HUoRgbwN
patrickliu0721,DWyl9I5AXdT
patrickliu0721,DWoYPB9gZkK
sonia_0929,DW_gzMijz7A
syrinxcat,DWod7jZlAb9
wayne__yeah,DW_guz5Epbv
jefferyjuniorr,DW_gI5Apyr4
_i_i_dayday,DW_hdJ4kltD
2.20_l,DW_hLbtCXCV
ellieciouss,DW_mlvdj3hh
patrickliu0721,DW_iiyEgTNm
xbabyx520,DWOWGNOE8GR
xbabyx520,DWBlJtzk8QJ
lyc._.16,DW_iFg5jL2W
annie19880521,DW_yQriEw-H
lees_is_me,DW_sUKlEwYB
myrna.17,DW_uz7Dj_tl
myrna.17,DWoNqUXD4as
myrna.17,DWlUwNWDyOL
alferdpacker69,DXAMYCkj77r
chelseafoodlife,DW87iz-TaXL
hoelaine1116,DXBHblwD0c9
yoooniii___,DXBKlhRk_SS
lyc._.16,DXBMAoXjKDo
51yui_,DXBqzwxAXsc
wan_ting_tsai_,DXBsLuTlZU1
aliceeecccc,DXBzGylkVzA
gdan_pudding,DWkJcgziaBG
gdan_pudding,DXBz20yEwkt
gdan_pudding,DWtc5Itk58r
kcting_____,DXBy189iQ4Q
qop0102qop,DXB6IFbFOsJ
weiweibig,DXB2_rdkuYA
hl_yuan,DXBzP60iWtu
arielsvlog_816,DXCA7PuEkaD
itspeachi_,DXCCxxskW5C
itspeachi_,DWoNqwCkbuK
itspeachi_,DWYssbuEWNT
teacherchiang,DXCFjQsjwGZ
xin_yeee719,DXCFwPmEo66
jefferyjuniorr,DXCFBJZJe5A
coffeewayne_,DXB9PUEkznP
_i_i_dayday,DXCFGXTEvvs
brian_diandan,DXCEl-PzVSg
2.20_l,DXCHqD-ieY2
althea_hsingan,DWiSQTTk-QU
annie19880521,DXCMaStk5C2
ellieciouss,DXCLlQoD8Vd
lees_is_me,DXCKcXNk3Lj
m____sir,DXCIGWckzSx
m____sir,DWwAGtek42o
m____sir,DVbEkEPE6VC
maygobla,DXCJiz3mDid
ntsai25,DXCIEaWk9hf
qdd_x1,DXCP-UlCQVK
wayne__yeah,DXCH2JfEgOc
zora_1024,DXCNwUUFKcE
vv_levia,DXCVJ87EySI
im_lilflower,DXCcQIUk5RT
im_lilflower,DWolxNYE_Gr
homei0416,DXDhvfgEvTu
ooxxq60297ya,DXDjQCWGZTC
51yui_,DXDsW5hgffp
aliceeecccc,DXDocadkc5L
hoelaine1116,DXDsxUSD9Yx
homei0416,DXDxF3wEtwv
chelseafoodlife,DXEOjzYTwae
elun1020,DXEOi70ExDs
ooxxq60297ya,DXEIWlylLg4
clio1008,ClQVFcRviWC
clio1008,DXEPJchD6Wk
clio1008,DW1XqoYj-gC
lockingjack,DIJaYMQh_E1
lockingjack,DUOZg1mk7tJ
lockingjack,CrqAnTAODUi
pigcatmama,DXEZ77xkV2152FkYnsFYfqps25uBCrHDt07Boo0
pigcatmama,DW-dJXAE0O6
pigcatmama,DWm-Qq6E9xw
tang_ful,C_Xvfd6TtoV
tang_ful,CzddopMp6wM
tang_ful,CxAihaKJE06
tsengsean,Cm6MhvlvtXR
tsengsean,DXERFLogY8L
yuka_wang_,DTaMB1qjxNv
yuka_wang_,C5K9z66P6-v
yuka_wang_,CTMRv2-hJAR
yuus2.0,DXEaJw1D3w7
mythekai,DKZY2pgTpm2
mythekai,DL7RbUfTIBA
mythekai,DLzdrrvTxRH
lyc._.16,DXEeCtyjO_j
___hsun____,DEcykTYSUwK
___hsun____,DXEl2DLkwWc
1_shiuan_0,DNLCqXyPrte
1_shiuan_0,DMiWlZ2vZnS
1_shiuan_0,DXEqV72ETtp
2.20_l,DE7SrKLvdJM
2.20_l,C2M6_U4PNCK
2.20_l,DXEqRwYCWHt
aliceeecccc,DUlF6IRE__t
aliceeecccc,DXEqOIPDygo
althea_hsingan,DXEryLjEwGy
da_chien_huang,DQgsyyok3GR
da_chien_huang,DIp3jYSoXoi
da_chien_huang,C_InLzoS5tl
ellieciouss,DXEuuOCjUdX
evalin555,DXEiyu9ERLV
evalin555,DWxj4V3Eq5f
evalin555,DWu8Kmdkkew
evasports_,DNQDA6FSEi2
evasports_,DKOn4epSla9
evasports_,Cqx1RgJyzuh
heyheyastor,DOTaZVyE45F
heyheyastor,Ci2h3qiJDRq
ntsai25,DXEl7pZk5T8
qqamy0720,DXEVLT0E2DY
qqamy0720,DWoIZ25lGPt
selinalee_0126,DXEo4UCAi_s
selinalee_0126,DWdcFbpGum6
selinalee_0126,DWThzZSAnFP
teacherchiang,DXEo6KBj7vp
thedodomen,DJWnIoSz4Oz
thedodomen,DXEqKSxDeja
wow4ivan,DKhZUHRB9KN
wow4ivan,DRhXRrMk83e
wow4ivan,DTiIotLE94Q
yoooniii___,DXEhlGlk_Jc
zora_1024,DXEqP5NFJjJ
jefferyjuniorr,DXEpuN_pIvW
ujlee0415,DQB2812EibZ
ujlee0415,DE1oXbazwGT
ujlee0415,C2XWP9tS3OU
lun.tw,DXEpdAsE7YO
snoop123v,DXEgtWBD0L2
_i_i_dayday,DXEp8o4kldr
brian_diandan,C_xq49fyKFc
brian_diandan,DXEpJg7mAJr
cindyhhh32,DXE1D4sk9XS
lees_is_me,DXEz5OYE0mK
seaerr__,DTprXGRjx6E
seaerr__,C7bfuXSSvSc
seaerr__,B8D86aGBMFi
wayne__yeah,DXEwPpbkqtm
meow_ying_,DN5OPtGEqwi
meow_ying_,DMaA9DXTYJN
meow_ying_,DILvC-Ozjap
coffeewayne_,DMFk2tTSGVd
zona.ccc,DB8uvb7S433
syrinxcat,CwK0EtcLzKM
syrinxcat,DGVmIlrz16Z
alferdpacker69,DXFu3TuE27z
annie19880521,DXGDIqxE06M
brightlife_magrate,DWojJC5idCO
brightlife_magrate,DB_BYtvhM2z
brightlife_magrate,DSWZe_Gkyo_
hoelaine1116,DXGQ5w8j-qJ
illywang,DXGP_pjEzie
tsengsean,DXGSS4nAWoZ
ooxxq60297ya,DXGjJCalMrn
mia9348,DUAlFbOEnP4
mia9348,COKlZ-KJTGt
mia9348,CikCuvMp9Ok
juliamisakii,DLPhb9wPbmn
juliamisakii,CtToVJQyZ2F
kiki_theblogger,DUQUjKaEj0x
kiki_theblogger,DN2qZOM5CwN
teacherchiang,DXG9nfuDA09
thedodomen,DXG6JdXTrrL
zoebitalk,DSKMdhKiF6D
zoebitalk,DBv1wbwTx41
zoebitalk,CWOdPTQvvU8
jefferyjuniorr,DXG58WBpauN
hl_yuan,DXG9AiHiUQC
lyc._.16,DXHBAi1yElc
2.20_l,DXHJhSsjdVf
althea_hsingan,DXHPfXXk7tV
chelseafoodlife,DXHO0JyTYg8
cheng4fake,DNqF_H8P-8Q
cheng4fake,DL9kQslP-D1
cheng4fake,C_vPU8xSOYq
cinderzoee,DXHRH3-jz1Z
ellieciouss,DXHQ5IFD7KA
giseleeel,DEUkzFjz7ks
giseleeel,DJBl18bz3KK
giseleeel,C8RwG2yP64m
gracechiang105,DTusokmkha1
gracechiang105,DTSolPnksfT
gracechiang105,DOvkEU5Eg4c
joliechi,DO5vqLWiWdQ
joliechi,DO-52wZiSIh
joliechi,DXHOQOtCUSU
l1vius07,DXHEbosk5Ka
l1vius07,DWWJdkkE7os
l1vius07,DV8J3_bEzCh
maygobla,DXHJQn-iQ1h
mitayen,DUK--uvkVZ2
mitayen,DRKAVrwkliA
mitayen,DFQFE2vSiub
ntsai25,DXHS1uICET-
qdd_x1,DH5vMVuznAP
qdd_x1,DPLKm3AEtDB
qdd_x1,DXHJbkJif0c
raydenyang,DP_eHUSCYur
raydenyang,DOgMrcbiWYp
raydenyang,Ctth9zYhUTe
syrinxcat,DXHRLk5FGGU
thetiffanychen,DL4iBF4Stxg
thetiffanychen,DLr_KFCS4IT
thetiffanychen,DHTUPTmyH3F
weiwei4320,C1MkL72viB0
weiwei4320,CzoK7W-Ptcx
weiwei4320,CkvH3PWP5Iz
yoooniii___,DXHKFh2E6NU
veedachang_,DEkLWi_TPXq
veedachang_,C_8GhRsz-LB
veedachang_,DFIKdHBzNt4
lun.tw,DXHIfI7E9Ss
rli.tw,DOlFF0UElBt
rli.tw,DTNPq4NEua2
rli.tw,DUNt1qeErWC
snoop123v,DXHGmskkj8S
_i_i_dayday,DXHPCEwkhuf
brian_diandan,DXHPr37TUJQ
adasuper87,Csya2EpNcRk
adasuper87,Cjsf4Y8v4TM
adasuper87,Cho_5tFKG3o
lees_is_me,DXHaFWQkytx
wayne__yeah,DXHWyCzEq6d
x.yunny.x,DIYvaJdyO3U
x.yunny.x,Crub4aIv7zr
x.yunny.x,CtEp_kIPo-o
laurenveur,DXHbXV3ktCU
q1a2z3w4s5x6r,DREzsLHiBMX
q1a2z3w4s5x6r,CwNSahfyWdY
q1a2z3w4s5x6r,Cb31M2LLYBt
ellieciouss,DXHnARAj1zb
itrainyourmom,DL7YtfJTwJO
itrainyourmom,DFZZtsZzgvb
itrainyourmom,C7cDym9PCo1
51yui_,DXI1vaagd02
hoelaine1116,DXI2BzFjwM_
peeta.gege,DTrjKguAVAe
peeta.gege,DKHkB3MMYdv
peeta.gege,DSgsDsLAVhd
mmark_hsu,DQVlEpZj1bj
mmark_hsu,Cx23jzrPrKj
mmark_hsu,Cb7O3aXv-Vg
goldfishbrain17,DRPEuE9kY_Q
goldfishbrain17,DN5ej4okzu9
goldfishbrain17,DSOl57Ukxa3
xbabyx520,DXJFSq4EyDH
ooxxq60297ya,DXJXvk9FIJD
elun1020,DLCpcGXyZbp
elun1020,DUDeEjxEy2U
elun1020,DXJcQqbzpQd
nene_shao,C6vnjS3viaj
nene_shao,DXJfj8ik8xV
orlando_1218,DRuI7kojqwY
orlando_1218,DMpm55CyIXl
orlando_1218,C7ijnNFyGTb
zona.ccc,DXJkLGSD6MV
lyc._.16,DXJe8SzGEuS
___hsun____,DXJ2PRHExVy
2.20_l,DXJ0AamCX_e
aliceeecccc,DXJz2h7D5bF
althea_hsingan,DXJy9bWPI17
ch.ineffable,DXJzDoPEQP7
chelseafoodlife,DXJz63Sk6oT
elephant_gogo,C3AsbJtPtyz
elephant_gogo,DKUWvJrqMoN
elephant_gogo,CZE7zGONSi3
k3okii,C89aiyOSe1t
k3okii,DCWp9J-zLzV
k3okii,C5x4mgvylXo
lees_is_me,DXJzOWGk7r-
mimi00419,Cyu7Po0rzJk
mimi00419,DXJrh1_DeJ7
myrna.17,DXJ4QHXj42c
ning3035,DXJrMggj84Y
ooxxq60297ya,DXJz3fijAAG
qdd_x1,DXJvH8ViWjK
rrei_ier,DXJ03LXj_5E
selinalee_0126,DXJlTt1E4vp
sonia_0929,DTu6MeXj9aL
sonia_0929,DR9isiHj7vb
sonia_0929,DMUpVQ-yZDR
teacherchiang,DXJzm8wjP34
wayne__yeah,DXJ2H26Ekj3
xin_yeee719,DXJvNXTEjhc
yi_chan_liang,DXJqds7EcAr
yi_chan_liang,DWq48aZkUal
yi_chan_liang,DWjJNcKkZu6
yoooniii___,DXJsl-Jj-Pc
laurenveur,DXJtFUbkXew
chjaneen,DKHfjVNJhRN
chjaneen,DOBV-aCiXYp
chjaneen,DOGRFCpCbAQ
jefferyjuniorr,DXJzk58pEqt
dylee.an,DXJspdOhsZz
dylee.an,DXCHWE5iVG3
dylee.an,DUs72gViTRK
coffeewayne_,DXJo-jEgArP
_i_i_dayday,DXJzn8JEgk0
annie19880521,DXJ7UZUkxTS
ellieciouss,DXJzcqIj9al
yoona_lalala_,DOTXAm7kktN
yoona_lalala_,DNx_iwtZDeO
yoona_lalala_,DMXtthMSr-z
im_lilflower,DXLb7pXE8df
xbabyx520,DXLfyTDk7-M
annie19880521,DXLtjrykxvv
ch.ineffable,DXLpbKpkTD6
ooxxq60297ya,DXLwFkOlOTs
uriko1219,C3exZZvvr1-
uriko1219,DXLuSZjk0Pv
chelseafoodlife,DXL8RXCTyuG
elun1020,DXL9XjJzaOq
chuyo622,DKFEPY-P6Tq
chuyo622,DGe6tYWPJnD
chuyo622,CrufpniOO8f
ellieciouss,DXMD2Npgt1-
ning3035,DXMEu47D_Y4
thedodomen,DXMI73Oktj9
yushit_whonow,DPjDwyqE4yx
yushit_whonow,DNnZQu6vqIJ
yushit_whonow,DNStJ6ZP5Fq
jefferyjuniorr,DXMDep9Jjpn
hl_yuan,DXMINh8CRCb
2.20_l,DXMX3dLCbGu
althea_hsingan,DXMXzm3vpL_
apple_misscrazy,DXMVHMME2sk
ch.ineffable,DXMUZ4WEY8H
evalin555,DXMRr1jEUbF
gdan_pudding,DXMaGr1k3s4
homei0416,DXMNneLk9HU
kcting_____,DXMehn6iYTf
maygobla,DXMYTs-EYr4
ntsai25,DXMduimk_GC
wan_ting_tsai_,DXMUpVhFC-m
yoooniii___,DXMWOoUE2er
laurenveur,DXMScHYEY4u
lun.tw,DXMPo1aE3le
_i_i_dayday,DXMYg7-Eg7i
brian_diandan,DXMYZvKESmT
1_shiuan_0,DXME3SiJAJ6
cinderzoee,DXMfIW8DxQy
lees_is_me,DXMgEfpkxIu
tanmilin,DXMkKQaky0s
teacherchiang,DXMepN_gkGD
vv_levia,DXMl1WXEzCs
homei0416,DWJeqBckhkI
homei0416,DWBEzXIkuEW
homei0416,DV5sNfaEp5o
nene_shao,DXMzBU0jzTe
bumpbro,DTqcYFlE26q
bumpbro,DCUB1WYPT4F
bumpbro,DBvkjURvlND
51yui_,DXN--CRgYia
plgm_0827,DXN_ZMHTBIr
plgm_0827,DXHind6jy6_
annie19880521,DXODAjoj59re2srwWu460rCAhFLPwWGSApeVvw0
cindyhhh32,DXOQGmWE1bd
gdan_pudding,DXOgrSREwdo
althea_hsingan,DXOsmzgE34X
annie19880521,DXOpxM8E21X
elun1020,DXOomsWS7g9
homei0416,DUuyxo2ksCD
lotmainidea,DXOvaymj0vO
lotmainidea,DWd0zYiDyvA
lotmainidea,DWJPowsD0jf
myrna.17,DXOwFdQj7Mi
thedodomen,DXOolfIz1ig
xin_yeee719,DXOrU_FEscA
jefferyjuniorr,DXOolC4Cco1
dylee.an,DUdSQ2giZVX
_nakaw,DXO-tZimTdy
_nakaw,DWbgGHFk56u
_nakaw,DWY9MbjksrW
cody.0928,DXO-uDtD1l1
cody.0928,DVpvS1dGmkY
cody.0928,DP6PyieD3ZC
ellieciouss,DXO7dTfjzlM
gdan_pudding,DXO9aNlE3mS
homei0416,DXO0SFSiRsN
myrna.17,DXO0pP_Dxbx
ooxxq60297ya,DXO-EuwFHb7
rrei_ier,DXO-2UAj4xh
wangkaiwen820,DLHxFeUTBcA
wangkaiwen820,DUsnzsvEx8h
wangkaiwen820,DFKmoquT8JC
xbabyx520,DViEdzjE8l3
yoooniii___,DXO_x8xE1vN
zona.ccc,DXO8Pg-k1vH
laurenveur,DXO3_9fESMc
c13nn,DXO9VFSE8Pw
lichenghaos,DR1q37PkheI
lichenghaos,CmtJJ2eJyN4
lichenghaos,DSPZo0CEmAB
_i_i_dayday,DXO8qHqErV5
lyc._.16,DXO3GWbjKE9
2.20_l,DXPAtIrifsw
lees_is_me,DXPHr8Mk8hb
xbabyx520,DXPAuzykzGa
vigueurchen,DXPB4xME2AO
vigueurchen,DRUDkmlkw6v
vigueurchen,DQHUCNcEzfN
lun.tw,DXPA39dkyF3
apple_misscrazy,DXMUQc8kShB
dododo_yu,DXPMdgyk18b
dododo_yu,DW9CH7NgdDW
dododo_yu,DWgh78cgS3Y
coffeewayne_,DXPLUm6k3uh
made.with.gold,DRAAj7Rk_9a
made.with.gold,DFX4PJbzFfQ
made.with.gold,DK_OVK7TCSA
frannie0420,DXPhnmuAXeg
frannie0420,DXH4-u7gUCZ
frannie0420,DWtCX6gFVci
yuus2.0,DXQfmUQD6zm
ooxxq60297ya,DXQubwZP_W9
weiweibig,DPgPR4aD8cF
weiweibig,DXQ0Je-kjrY
l1vius07,DXRITeEE1Qh
hl_yuan,DXRP8O0CTvy
chelseafoodlife,DW8HlbAE7Ve
chelseafoodlife,DV3T9eik_dC
chelseafoodlife,DXRU7YIk5tr
nene_shao,DXRXf8Bk_k3
ning3035,DXRWAEVj30b
qdd_x1,DXRULhhCaVb
ellieciouss,DXRitDDj5o4
ooxxq60297ya,DXRfCOBlLN1
plgm_0827,DXRbD_tzFns
wayne__yeah,DXRizY1Em3K
yoooniii___,DXRg5QNE5ZV
c13nn,DXRh4LWEzFp
jefferyjuniorr,DXRhn-LpMsD
mythekai,DWgZFzKhWvF
_i_i_dayday,DXRiOE2Ev-K
lyc._.16,DXRcxr2DaOz
brian_diandan,DXRcxr2DaOz
2.20_l,DXRkKlniVQD
homei0416,DXRoACCEuG9
joliechi,DXRjVufCUN4
lees_is_me,DXRqHVsE0HN
teacherchiang,DXRjoIIAr0B
thedodomen,DXRmBD6ksrk
1_shiuan_0,DXR2iUKkuIc
noloveclub127,DXR5D0yE-Yl
noloveclub127,DWQoi0pkV7d
ch.ineffable,DXTFglNEXTd
elun1020,DXTMvkvEyOA
l.chingchun,C444bhLPwnI
l.chingchun,DPvrD4ACen2
l.chingchun,DJL2LzBzhsL
m____sir,DXTP_SSk_9z
ooxxq60297ya,DXTFq63AFkK
rrei_ier,DXTO3-Dj39H
yoooniii___,DXTQhUAE8aA
mimi00419,DXTfQscmPcM
gdan_pudding,DXTkOxoEbfC
apple_misscrazy,DXTkOxoEbfC
apple_misscrazy,DXQ-v3niT9H
tsengsean,DXTuEyJAQ86
frannie0420,DXTzVl7AXT_
kcting_____,DXT41_ZCSu2
zona.ccc,DXT5Sock_WZ
lyc._.16,DXT8cE5ymfx
althea_hsingan,DXUBpalE7_f
althea_hsingan,DXRfDRgPiwm
ellieciouss,DXUG2LTj8ou
ning3035,DXUEDioD0W9
teacherchiang,DXUFa6kApAY
thedodomen,DXUG79ND6rh
jefferyjuniorr,DXUGV0fJD9R
_i_i_dayday,DXUGsa8kiLr
___hsun____,DXUKf68k9sA
2.20_l,DXUIECSiTAn
lees_is_me,DXUSzrwk12o
maygobla,DXUOIxHCfoT
weiweibig,DXUJ-BSSHDm
xin_yeee719,DXUJHfnEhUC
c13nn,DXUJdWkk2Vq
coffeewayne_,DXUPdK-k25H
snoop123v,DXUOz1Dj1Wh
jen_ifer_yu,DX_qYhmvz4-
twisters___studio,DX9CGzOJAcU
l1vius07,DYCQCdiT_iq
dayxcx_n,C3k330nve-h
dayxcx_n,DPeT4BHExo-
dayxcx_n,CNAupxLsbWN
dododo_yu,DYC0eHOz8oB
dododo_yu,DX_ZBO-uTop
dododo_yu,DXtiE0zSn3l
evalin555,DYCtHC0yRJa
evalin555,DXrIfRolKp2
evalin555,DXjOW5pkS6m
heyheyastor,DYCnAk5TNyE
laurenveur,DYCnsEvx_xl
laurenveur,DX63hnDEUR8
laurenveur,DX4P4epxHzY
mrcheu1019,DJbiAIvTvNH
mrcheu1019,DC3oyYqzCT0
mrcheu1019,Cogkua8A-R1
yi_chan_liang,DX9JvSXkZ8l
yi_chan_liang,DXyrcXwRW0D
yi_chan_liang,DXcEsSMEV5f
qqamy0720,DYBfRrpE8-A
qqamy0720,DXVrwiZk-1-
tanmilin,DX6ZE6TTG-p
tanmilin,DXwZaVmz_PJ
tanmilin,DXvlstxTqM4
51yui_,DYEEWtWB0du
51yui_,DX_dJxMlB8f
51yui_,DX84E54Bqy2
gdan_pudding,DYELfTwk9kO
gdan_pudding,DX6pEXszQon
ooxxq60297ya,DYELZ0UuIeH
ooxxq60297ya,DX_6S8dyV5r
ooxxq60297ya,DX8nbfdAlMO
vv_levia,DYAJLb1kywz
vv_levia,DXzHe_5k7ez
ch.ineffable,DYEenu9kb-h
ch.ineffable,DX33RqnxrGn
ch.ineffable,DX1pmy6ESbl
qqamy0720,DYEeCFOsnmy
qdd_x1,DTXpSE8kkiF
qdd_x1,DUf3Y6YksTL
qdd_x1,DU8RvP7Eno9
thedodomen,DYCdJxLjL45
thedodomen,DX8-3Ooz4aW
dododo_yu,DYExsdVh1VY
illywang,DYEuZ9HgQkK
illywang,DX_jnJiTW6k
illywang,DX6p1YoAQ4w
l.chingchun,DXyEomyS406
l1vius07,DYEuKAfTBry
l1vius07,DXwHdgkE1_R
l1vius07,DXtozzTkwmB
ning3035,DYEtWP-vj9p
ning3035,DX9FDx3PYke
ning3035,DX6cRoMPAuS
selinalee_0126,DYEybePmjPo
selinalee_0126,DXgsiiIGuiT
selinalee_0126,DXMOHQzgmne
teacherchiang,DYEtPD0Pbz5
teacherchiang,DYCL8ndEcR4
teacherchiang,DX9Td8rvUng
tsengsean,DYEqXkkB7Ta
tsengsean,DYCDClyh5-Q
vv_levia,DYEqvyUE2T4
zoebitalk,DUIXWQSEXk8
hl_yuan,DYEtM7GJTeI
hl_yuan,DX_mt9jJQhw
hl_yuan,DX6ajEWpEZa
lyc._.16,DYEtRd0sdZ2
lyc._.16,DX_sE5NMN75
lyc._.16,DX6jQJ7sOWh
_nakaw,DYE6CHUTdkD
_nakaw,DX9RuW7mauv
2.20_l,DXWs2SdCbVQ
althea_hsingan,DX9OZS7zE7_
althea_hsingan,DYCce7-TxHT
althea_hsingan,DX_3KdvvP9s
ellieciouss,DYFBFi1PBOC
ellieciouss,DYCdINPPt79
ellieciouss,DX_4OfaPtZp
helloiamhook,C3RTR9aSklC
helloiamhook,CvHv5TeyP-O
helloiamhook,ChCbepFLZ01
kcting_____,DYE5ABVJdVR
kcting_____,DX_kHPAJfXu
kcting_____,DFr5nzZS8Ay
maygobla,DYFCJ7cpZGI
maygobla,DX9OlmYJ6W5
maygobla,DX64aIZEe_X
myrna.17,DYFI5dsj2eE
myrna.17,DX7JUewPd6F
myrna.17,DXzYEbKPTes
wayne__yeah,DYFED8cyaT8
wayne__yeah,DX_4CTVzXLO
wayne__yeah,DX9T1AYy482
yoooniii___,DYE7vDMza1z
yoooniii___,DYAH8LMEw5p
yoooniii___,DX9V9dwEywn
chjaneen,DTpaNKfkfxf
chjaneen,DSZy_MPCalO
chjaneen,DDR5KmoSIN-
c13nn,DYFERqlzBUn
c13nn,DX6vTtnzFZu
c13nn,DX4JSS9k2KH
jefferyjuniorr,DYFBpC8p4vq
jefferyjuniorr,DYCc8stJNg4
jefferyjuniorr,DX_4CTVzXLO
_i_i_dayday,DYFB5bdkmg8
_i_i_dayday,DYCeld-yuQh
_i_i_dayday,DX_4LwTyml8
lees_is_me,DYFKS--TGR_
lees_is_me,DYCiw3GzAnn
lees_is_me,DX_5yuvzoWm
l1vius07,DX1VQ6GTDPZ
alferdpacker69,DYGnLfXiQgV
alferdpacker69,DXWTslDCdTi
hoelaine1116,DYGohMtP3IH
hoelaine1116,DX_eUFDD-iH
hoelaine1116,DXyCYliva3J
mimi00419,DYEneC_gRin
mimi00419,DX-4WBIGErk
rrei_ier,DYGmDG9v3y8
rrei_ier,DX9VV4gvjpP
rrei_ier,DX6nyEtMbSv
1_shiuan_0,DYG3RpKEbA0
goldfishbrain17,DUhvDcQAamm
ooxxq60297ya,DYG6vQLhDuk
veedachang_,C8BrqqavDBw
snoop123v,DYG3RxpS1fp
snoop123v,DX9UZuiSywr
snoop123v,DX0ydTOSGMy
ch.ineffable,DYHNGDNxKa7
chelseafoodlife,DXv_VFtE0W2
l1vius07,DYHNOlRk8xS
yuus2.0,DYHGmgUPN4F
yuus2.0,DYCbv5YPD-a
yuus2.0,DX6i3elPuQ1
run_fong0526,DYHTq33x7ls
run_fong0526,DYCep4Dp33u
run_fong0526,DX9Raoqp-nf
teacherchiang,DYHV-F_v0st
zona.ccc,DYHYCVIGeAb
zona.ccc,DX9Mi6XP5Bc
jefferyjuniorr,DYHZXz_p_Et
dylee.an,DYHZXz_p_Et
dylee.an,DX3uX3PheVa
elun1020,DYHaIrVk5qw
thedodomen,DYHb4qXkl2L
thedodomen,DYEtMZ-ThYq
yi_chan_liang,DYHbkYekeDV
hsuan09876,DYHkOPaES7B
hsuan09876,DXwVw7Yxrp3
hsuan09876,DXhE7jekW2b
nene_shao,DYHpSgkT2Xc
nene_shao,DYCbGj9zZGf
vv_levia,DYHgoy-TVak
laurenveur,DYHry2WkWAF
_i_i_dayday,DYHnblWTKwR
lyc._.16,DYHiCpysOe4
lees_is_me,DYHuseDTd6b
syrinxcat,DYHx9ZUlDqG
mori.s0909,DYJK1hXGvO5
mori.s0909,DRgNrpfk9oT
mori.s0909,DROU0HJEyen
qqamy0720,DYJGRTwExDi
wan_ting_tsai_,DUafxs9AdZy
arielsvlog_816,DYJTVmmS7Dn
arielsvlog_816,DX9RdgOS8nT
arielsvlog_816,DX31ftXS2vn
ch.ineffable,DYJPEMqxF0d
evalin555,DYJUfuqEipR
im_lilflower,DYJoVZPzrRK
im_lilflower,DX-8P3-TbP7
im_lilflower,DXl4VCzlw0p
l.chingchun,DYJgSQqmZjs
ooxxq60297ya,DYJlZk4uau5
yoooniii___,DYJvoSxk2GP
51yui_,DYJwNrfhPeZ
annie19880521,DYJ1CZjk-0k
annie19880521,DX_renITkaR
annie19880521,DX-63DIz0KK
elun1020,DYJy-3vkxWm
l1vius07,DYJw1Gyk89U
weiweibig,DYJ2MT5EiQY
hl_yuan,DYJ4HuOJGT1
hsuan09876,DYKAWTGxTHO
zora_1024,DQwVNu9ErVs
zora_1024,DRD808ukvBZ
zora_1024,DSCryIXEk8z
jefferyjuniorr,DYJ9uefSSrS
lyc._.16,DYKBKnps47f
1_shiuan_0,DYKKavpy_4z
ellieciouss,DYKLSdpvMLi
maygobla,DYKHHcwmBbS
qop0102qop,DYKOzs6EitQ
qop0102qop,DX9ekVeFK0m
qop0102qop,DXrSlp0AgPN
wayne__yeah,DYKOds4y2Ot
xin_yeee719,DYKKADZy8ay
xin_yeee719,DX4Gt1iSJtd
xin_yeee719,DXmKQU_EmKV
_i_i_dayday,DYKMNtQSOVr
___hsun____,DYKPG95ExbT
___hsun____,DYCXiUNTdzs
annie19880521,DYKSCDPk-EE
arielsvlog_816,DYKUgSiktx-
joliechi,DYKZMnGiUul
lees_is_me,DYKTD9dTecP
m____sir,DYKQLbzk4G6
ning3035,DYKPy7pDwGj
ntsai25,DYKTIIDT1Dw
ntsai25,DYCdEUIB2jt
ntsai25,DX8ZKZpzM9w
pigcatmama,DYKSCgMCU3r
pigcatmama,DXrVWqBE8tD
pigcatmama,DXYWQrhk4wg
vv_levia,DYKY4H7ExZN
snoop123v,DYJ__mvT38D
chiao_w,DXt5tnJk901
chiao_w,DWl-HwRkrqc
chiao_w,DWEHd9AEn01
ellieciouss,DYHmymaP-Ds
diamond1018,DYKlQv6kWgd
diamond1018,DX0utz1RAdA
diamond1018,DXv4j4MRjXW
51yui_,DYL1CVthD2j
ooxxq60297ya,DYL2PsFRv42
tanmilin,DYL30gpkymJ
elun1020,DYMbnUWTXC0
ning3035,DYMl53PP-cb
rrei_ier,DYMiO_sj7ZY
run_fong0526,DYMiOhrJW47
weiweibig,DYMcafkzhKi
yuus2.0,DYMkT5XvLHQ
lyc._.16,DYMkky5M7vW
1_shiuan_0,DYMq_wCBgNa
althea_hsingan,DYMvGydvrzy
althea_hsingan,DYKKSQdPLjj
chiao_w,DYMowzTEsGN
ellieciouss,DYMwQQePIKm
gdan_pudding,DYM8HD2I-yf
joliechi,DYM8UfuJsdR
kcting_____,DYMrcgSJCoR
l.chingchun,DSUT8v-ifsw
lees_is_me,DYM5LN2TEGz
nene_shao,DYMv3FdvvnI
sonia_0929,DYMyhqeP5uv
syrinxcat,DYMzus3FPnV
teacherchiang,DYMwMdHveZ4
thedodomen,DYMwP6FiVHf
wayne__yeah,DYMxYauyPWb
laurenveur,DYM7Eipxqey
c13nn,DYMzh3DTl76
jefferyjuniorr,DYMv3o3pwEh
coffeewayne_,DYMuc6VTloM
coffeewayne_,DXy-XMbkyBd
_i_i_dayday,DYMwNDhyFmD
brian_diandan,DYMovowhswk
brian_diandan,DXeYTW4Ee0u
51yui_,DYOXROYht0c
ooxxq60297ya,DYOX6QgBq4z
qqamy0720,DYOXR0Dkxir
weiweibig,DYOU_Daxe06
brian_diandan,DWl0MeNkkh9
ethan_hung3513,DXWGLO0kpaq
ethan_hung3513,C7i_h7rOokE
ethan_hung3513,C1Bxlipuwc0
uriko1219,DYOk-oSTd_X
uriko1219,DX563DPT_a8
woo_hsiang_chun,DAqjp9mMO_r
woo_hsiang_chun,C9kRKv6s0Mz
woo_hsiang_chun,C5lcDkCMqXP
ning3035,DYPEKvqv9uK
tsengsean,DYO6cqnB_sG
hl_yuan,DYPEjsKpP5u
arielsvlog_816,DYPSGriSsP3
ch.ineffable,DYPJlQPEbpb
homei0416,DYPN_FCpmbg
homei0416,DYMtHdKzwgr
homei0416,DX6sbmqTtFh
kcting_____,DYPH3cSJTL1
teacherchiang,DYPTliGvVUt
vv_levia,DYPQhTXTz7v
wayne__yeah,DYPWFWzSQNy
yoooniii___,DYPQxMakyeK
zona.ccc,DYPJ2_5vGgB
jefferyjuniorr,DYPUqmlpaaT
coffeewayne_,DYPLg9YT6od
snoop123v,DYPJolRkpWN
_i_i_dayday,DYPVCewyULX
alferdpacker69,DYPh0Yup0L4
cailingliou,DYPdUlAE0tE
cailingliou,DX8k5Gok7qY
cailingliou,DX13M1VT_PX
cindyhhh32,DYPVYYgzsYx
cindyhhh32,DX_XT3dk39J
cindyhhh32,DX9V3vPTUxU
ellieciouss,DYPWE7fP-1S
gdan_pudding,DYPZHXRoyeE
lees_is_me,DYPcMYZzbuV
maygobla,DYPZEHvpZnr
myrna.17,DYPOIm9n8To
yuus2.0,DYPkM4Fvnox
laurenveur,DYPpWmIhywN
homei0416,DXtak2gFQgf
51yui_,DYQ7myFR1c-
althea_hsingan,DYPUfksvZMl
annie19880521,DYQ28HpzN64
teacherchiang,DYRBsqPj-nC
ch.ineffable,DYRFmmZEfnh
coffeewayne_,DYRF5_Ek1o8
elun1020,DYRlPpUk41R
gdan_pudding,DYRmA-9oK4H
nene_shao,DYRlUnST7Yv
thedodomen,DYRlRcDzQ_3
jefferyjuniorr,DYRnnPCJlE9
___hsun____,DYRw-OLPI_V
althea_hsingan,DYR5ozyzdij
itspeachi_,DYR2C_cOEF7
itspeachi_,DYCapM-uFn7
itspeachi_,DX_zd19uUH0
joliechi,DYR6H7dJpSa
ntsai25,DYR5xiKh4ri
ooxxq60297ya,DYRq-CNPWfP
pigcatmama,DYR5vxSE4DX
teacherchiang,DYRowYYjevz
wayne__yeah,DYR5ybEJtFH
yoooniii___,DYRu2PFk8Vi
_i_i_dayday,DYR5HgZyg5j
lyc._.16,DYRxqoGstm2
ellieciouss,DYR93xQvrx2
lees_is_me,DYSFPtNTgSr
qop0102qop,DYSFS2yFBDl
run_fong0526,DYSMLgepDmw
_nakaw,DYR04WxEiQO
annie19880521,DYTirbZz9Cf
coffeewayne_,DYTaAW-TtXK
16v0_0v16,DYT21z7FLL3
16v0_0v16,DVizz9yCYcN
16v0_0v16,DVYgjrIlL0v
51yui_,DYUDbjUhBEI
ooxxq60297ya,DYT7FfpPQtF
tsengsean,DYUDxsphwQy
weiweibig,DYUI3F6y17E
hl_yuan,DYUJ4DPp12b
gdan_pudding,DYUVND7ojz7
joliechi,DYUVqBFpORR
ktgn556412,DUQIrLAE83e
ktgn556412,DUNt1qeErWC
ktgn556412,DQL7ro7kw4z
ning3035,DYUXZnevNWs
teacherchiang,DYUNg54gVLx
xbabyx520,DYUTgKVTQ4j
xbabyx520,DYL-bQHzbv1
yuus2.0,DYUR-9DvPiS
lun.tw,DYUX7Rhzq7-
lun.tw,DYCXOQqTcbe
lun.tw,DX6g-lRJ8ER
snoop123v,DYUWHpgS0O2
diamond1018,DYUd5hIx0Jx
ellieciouss,DYUe0wrv7yM
kcting_____,DYUjqcjJU4z
lees_is_me,DYUcb59Tk-3
maygobla,DYUh13fRHbj
qdd_x1,DX1tw9JiXr6
rrei_ier,DYUilknPRsh
syrinxcat,DYUhssuhkMU
wayne__yeah,DYUlrhPy06z
yoooniii___,DYUgz9XzIS6
jefferyjuniorr,DYUeoSep0nk
_i_i_dayday,DYUerAbSWh3
run_fong0526,DXg1kVDDPSl
51yui_,DYWF8Zchn-w
ch.ineffable,DYWJ-OaRQEy
im_lilflower,DYWGQ5ezq03
mimi00419,DYV1KF2mIRr
gdan_pudding,DYWlMsYzsTg
ntsai25,DYWyRhbE9Fx
weiweibig,DYWoAWbS701
yoooniii___,DYWxiQUkzqm
___hsun____,DYWmBxxzMMN
1_shiuan_0,DYSAdXeEW7M
althea_hsingan,DTFVRv4kwtg
althea_hsingan,DYUeCrbvX5C
ch.ineffable,DYW-fwRETNU
hungkai.c,C_8CuFsTYAI
hungkai.c,DIGsUBeTeWQ
hungkai.c,DHQzYL4TJvs
itspeachi_,DYW8nsfu6cm
kcting_____,DYW2c6ap-CJ
ning3035,DYW83_Pv9Fz
qop0102qop,DYXDYqoi1BH
teacherchiang,DYXDXFbPwaK
jefferyjuniorr,DYXCvvOJRVQ
coffeewayne_,DYW4_dnkztO
_i_i_dayday,DYXDsFoSU5v
annie19880521,DYXSPUKTp8P
ellieciouss,DYXGdM7vY2U
lees_is_me,DYXMXeiT5Xq
plgm_0827,DYXKwxEPpHG
plgm_0827,DYBn2GUjzV0
plgm_0827,DX_JJFwM4GB
rrei_ier,DYXFStfPoZC
run_fong0526,DYXOJj_pj9O
thedodomen,DYXD1kyEujp
wayne__yeah,DYXEbC9yCHJ
51yui_,DYYqyH5BN-D
hoelaine1116,DYYqYJPPEAN
plgm_0827,DYYXO9Jj8Y8
ntsai25,DYZoO9Kk8y0
ooxxq60297ya,DYY2wuhgtBf
uriko1219,DYY5fFiTUPb
elun1020,DYZNDJqTraf
gdan_pudding,DYZEfq6TqES
kudream,DYZN8EaFD2Z
rockerivanliu,CxfA3fipMfR
rockerivanliu,C6TUbf2J3V4
rockerivanliu,Cxb8o2DJyCJ
yoooniii___,DYZPDaTk-WK
homei0416,DYZTflcyIPC
hl_yuan,DYZXD4fyEQ-
ellieciouss,DYZmDUUPOFH
nene_shao,DYZpdVfTmxH
qop0102qop,DYZgYmGFJJx
jefferyjuniorr,DYZoWt2pwJ5
_i_i_dayday,DYZn5Esy7qm
lyc._.16,DYZoWt2pwJ5
lyc._.16,DYUb6N-MfFR
apple_misscrazy,DYZtYVyk_78
apple_misscrazy,DX3x71xzHf6
evalin555,DYZum-GlCr4
lees_is_me,DYZwe2YzL1N
dylee.an,DYbAXyaTcJN
mimi00419,DYbiY71mKmt
ooxxq60297ya,DYbcSdAAGIs
thedodomen,DYba54TkjPT
selinalee_0126,DYbqIO1GtMq
yoooniii___,DYbzH6nzF8A
1_shiuan_0,DYby0hLR5jL
gdan_pudding,DYb2oOMzmXQ
illywang,DYb83pOMb2i
ntsai25,DYb6RCVEw63
zona.ccc,DYb_qYrPixt
althea_hsingan,DYcM6Q3TLyD
cindyhhh32,DYb5r_mvnY5
ellieciouss,DYcMRMmPwxL
kcting_____,DYcExHOJZHt
rrei_ier,DYcHd0fvULm
teacherchiang,DYcGz9gPm2p
thedodomen,DYcNI27GJGh
xin_yeee719,DYcQB-dElEg
xin_yeee719,DYR1YUkyCvy
yi_chan_liang,DYcGur6kYQJ
c13nn,DYcPwEqvCeC
jefferyjuniorr,DYcMt-opKSg
_i_i_dayday,DYcM-hgkpnH
lees_is_me,DYcUxNVzF8A
laurenveur,DYcXNjWRQOx
myrna.17,DYc7Mo3SPRZ
51yui_,DYdz0mQh0y6
elun1020,DYd0DeOEwAv
ooxxq60297ya,DYdt6AlSNFI
qqamy0720,DYcA1bZzoZk
lyc._.16,DYcCptHycSm
ch.ineffable,DYd8trskeKm
gdan_pudding,DYeODEczqUk
dododo_yu,DYedz8ph5kx
itspeachi_,DYercydOyxN
kcting_____,DYelChjpZcg
l1vius07,DYej3tfE3xa
yoooniii___,DYes7Ghz7oB
hl_yuan,DYee4U7JLr-
1_shiuan_0,DYezEZUhlkX
althea_hsingan,DYUelmGTNt9
clio1008,DYe_Yg1j930
ellieciouss,DYexQD9vNi-
joliechi,DYeuwWKJ3N9
lees_is_me,DYe8gGMzHJ1
maygobla,DYe225gJhPu
ntsai25,DYevu4wzbo5
qop0102qop,DYe77wNFHUI
teacherchiang,DYexp3-PkTM
thedodomen,DYex2Pok8pl
jefferyjuniorr,DYexZGkpreK
veedachang_,DEYryuqTe7q
snoop123v,DYe9Lj9Eo6v
_i_i_dayday,DYex0E9yGQE
maygobla,DYgZPoGDNxC
lyc._.16,DYeqJCJMQ7I
annie19880521,DYhUK6Mk8us
elun1020,DYhCAnNk4EO
gdan_pudding,DYhO4ruzPZH
homei0416,DYhDDBMkkJr
joliechi,DYhHnMkid5p
juliamisakii,DITa8jLP7pg
ning3035,DYhHQp1D-fH
ntsai25,DYhIAVvzcZc
thedodomen,DYhF8ABSf7a
yoooniii___,DYhKkjtTW4F
yuus2.0,DYhE4SWvnUf
zona.ccc,DYhTe5LPrTF
coffeewayne_,DYhTqV0zucq
ellieciouss,DYhcQcwmDqo
lees_is_me,DYheAbnTSTM
ooxxq60297ya,DYhbXy2BuiS
teacherchiang,DYhWcIovJjm
wayne__yeah,DYhXs-7SVdC
laurenveur,DYhw8gcgdZC
c13nn,DYhY7E8TtGL
jefferyjuniorr,DYhV6t8JLw8
_i_i_dayday,DYhWvHCyx5p
tanmilin,DYij3wIG52Q
weiweibig,DYW3dA3JvZ0
annie19880521,DYjIaDTE37L
mimi00419,DYi-IsjxVvX
shawn328_,C-8JEe0TDwH
shawn328_,C-7t4_6pJ45
shawn328_,C5Bg247vkHd
tanmilin,DYjLBqozeQY
ch.ineffable,DYjqOndxMWf
elun1020,DYjs20KTqD4
gemma_chang,CpAB_pEg977
gemma_chang,DYje2g3z9us
gemma_chang,DXt9xIXkyt2
selinalee_0126,DYjpAR6iB3E
yuus2.0,DYjjrgIP5fE
hl_yuan,DYjnMTgJkkO
___hsun____,DYj3nP-zspU
1_shiuan_0,DYjz7DbgV0J
51yui_,DYjuKpfB7mh
althea_hsingan,DYj4HdKj1V5
althea_hsingan,DYhWBZHPe8w
cailingliou,DYj9jRQzJwm
chiao_w,DYjxCn6kuLb
dododo_yu,DYj1UK0T6PD
ellieciouss,DYj80B-xI9m
gdan_pudding,DYj1CsOTqd1
kcting_____,DYjvnH1CaWX
m____sir,DYjvq4vk8V6
nene_shao,DYj_V_NTYn7
rrei_ier,DYkAV4EvEjx
thedodomen,DYj7fQgjWju
vv_levia,DYj7Uj8Tzcx
wayne__yeah,DYj8J65yUnV
yi_chan_liang,DYj-RliGTaa
yoooniii___,DYj3marTf18
yuus2.0,DYjxlJSPg3I
jefferyjuniorr,DYj7F9lJH3d
_i_i_dayday,DYj67Y9yG3A
alferdpacker69,DYkIa3JJYZl
joliechi,DYkEh6jJCD5
lees_is_me,DYkFPUOTxqI
laurenveur,DYkF6BEB8V4
51yui_,DYlhwfnhthQ
annie19880521,DYlbXu8Tud8
tanmilin,DX0tVC8G_e5
tanmilin,DYlRibymxmG
elun1020,DYliC1YT4Cd
myrna.17,DYmQE0TvWhw
nene_shao,DYmP_EazX8m
rrei_ier,DYmT22XPjdK
tanmilin,DYTDAA8AxYn
teacherchiang,DYmPEhklRqv
tsengsean,DYmFUgvASgu
xbabyx520,DYmLhnBzMoo
yoooniii___,DYmM5Xpk68r
zona.ccc,DYmVZDcvZFd
althea_hsingan,DYmfvhcT63p
cailingliou,DYmjpuaD1R0
cody.0928,DYmpTB0PYrF
cody.0928,DYCmNKmj391
cody.0928,DX9U452j_Gh
ellieciouss,DYmkiFgj14h
homei0416,DYmcpqvzS1A
lees_is_me,DYmrwsVT3Zw
maygobla,DYmhz2fpT-e
ntsai25,DYmh0UPzQA6
ooxxq60297ya,DYmqSV1vQxc
thedodomen,DYmh9P9ClUX
wayne__yeah,DYmg_dpSspG
laurenveur,DYmrBlHh3s8
jefferyjuniorr,DYmgLmliU0c
lun.tw,DYmZv1kz_a4
_i_i_dayday,DYmgkmGSY0Q
lyc._.16,DYmf_l1TkS-
lyc._.16,DYjxG0mytIW
lyc._.16,DYhMPpeyVDZ
51yui_,DYoI8tOx8Jr
david_der_der,DPvzYB_Ev8S
david_der_der,C9RD12AzBK8
david_der_der,DYoKB2hPw5t
gdan_pudding,DYoIqXsTMmA
mimi00419,DYoKrp3lCRh
coffeewayne_,DYn755JzKAb
annie19880521,DYoTCs2zrM2
ch.ineffable,DYooR0RRXv9
uriko1219,DYoSlu9z91z
yuus2.0,DYopF6wPk67
bumpbro,DBBm3w0ywff
hoelaine1116,DYo-Licg-CK
lotmainidea,DYo3PmTj9cc
lotmainidea,DXecZTEjwYS
xbabyx520,DYo8NkNzgT4
yoooniii___,DYo-QAek3UX
lyc._.16,DYo6qIwyC1m
annie19880521,DYpPTwgzI2h
cindyhhh32,DYpLxoszjkJ
cindyhhh32,DYhbw2_znua
ellieciouss,DYpFhz8PRkA
kcting_____,DYpUwoGJMmH
lees_is_me,DYpRRVEzXnE
nene_shao,DYpD3U5TBLY
ooxxq60297ya,DYpGbFhFMV3
qop0102qop,DYpPa1sFJpU
thedodomen,DYpFGgjCcfc
jefferyjuniorr,DYpC0xUJ1qP
_i_i_dayday,DYpE3VBSDQP
cindyhhh32,DYpdsNmzypS
frannie0420,DYpZ_0xAbL1
frannie0420,DXbV4b_gdNt
frannie0420,DXW-L9ggRkb
mimi00419,DYqcsRJGBEI
l1vius07,DYjjuL_E-6v
ooxxq60297ya,DYq8jxjMyqh
yoooniii___,DYqsBiGk34W
ch.ineffable,DYrRfNXR8uw
patrickliu0721,DYW9K9HBN0D
patrickliu0721,DYMwXp0BRzx
patrickliu0721,DYCb8giBmTN
___hsun____,DYrh0LOTFYI
althea_hsingan,DYrmWj9k7xd
annie19880521,DYrfK-akwnr
diamond1018,DYrcUEWxxEB
ellieciouss,DYrttukPv3K
lees_is_me,DYrqXerTjOL
patrickliu0721,DYrea4kTiHE
thedodomen,DYrp8lojYn_
wayne__yeah,DYrqie_yBlo
zona.ccc,DYrfuuuPs_Q
c13nn,DYruce-T7h4
jefferyjuniorr,DYrpXXuJi3e
_i_i_dayday,DS-BEI5kj0L
_i_i_dayday,DYrp7uCyODv
joliechi,DYrwebTvTR6
vv_levia,DYr23Orkxnt
laurenveur,DYr0w61BBJ9
l1vius07,DYrzqBgzMDv
1_shiuan_0,DYsIA_mkk-d
brian_diandan,DYmi9mMNim4
sonia_0929,DYrXEwZP5NW
yoooniii___,DYtQ2iEE9JC
mimi00419,DYtRFdntHoi
ntsai25,DYtdCBrE4Rr
ooxxq60297ya,DYtTS2ryWWk
51yui_,DYtzRq-hpQB
ch.ineffable,DYtqLUdkamA
elun1020,DYtxNrJE6Mh
teacherchiang,DYt4TVrP7MN
snoop123v,DYtq-gqydwC
apple_misscrazy,DYuBBxjiRA9
gdan_pudding,DYuBBxjiRA9
itspeachi_,DYt-7-oI0SG
joliechi,DYuCLLXJ-6R
tsengsean,DYt-adbhN_7
xbabyx520,DYuDJrGTga_
1_shiuan_0,DYuR9vWyyFl
annie19880521,DYuRr4ikzFt
ellieciouss,DYuN759PC9m
im_lilflower,DYuTPk2k3d2
im_lilflower,DYowWllT7ab
lees_is_me,DYuJXS9zFxD
xin_yeee719,DYuQkvmEvlB
jefferyjuniorr,DYuOiVOJdFZ
_i_i_dayday,DYuOSubyg-J
lyc._.16,DYuMRQLsDeT
clio1008,DYuUxfEvkOh
yi_chan_liang,DYuZgSxuSK7
cindyhhh32,DYufXj7Tog8
xbabyx520,DYv1yqjT2l3
c13nn,DYv2LsuzE0t
arielsvlog_816,DYwac11yTyq
homei0416,DYwevpzksyx
yi_hsien_1123,DX1O_kjk3Bc
yi_hsien_1123,DXjQrJwE81v
althea_hsingan,DYmgNRXTAU3
annie19880521,DYwhBMzzqJF
ellieciouss,DYwx_i_Oa-o
hsuan09876,DYwz6GypBbH
kcting_____,DYwnNIlpNYy
maygobla,DYwxSeAmALg
mimi00419,DYw3Sa8tmoR
myrna.17,DYwjY6Sv91D
ooxxq60297ya,DYwqpeEFP6b
teacherchiang,DYwtykMvKXZ
thedodomen,DYwza3_DYgf
wayne__yeah,DYwx_i_Oa-o
yoooniii___,DYwlS-5k91h
yuus2.0,DYwvRGwv2lo
jefferyjuniorr,DYwy-HVJQJF
_i_i_dayday,DYwzUK9S9io
lyc._.16,DYwn0HSset6
brian_diandan,DYwrqvWFZj0
gdan_pudding,DYxHQzdE8Xx
l1vius07,DYw-tOiz1aI
lees_is_me,DYw-TqsTwZ_
myrna.17,DYxCGNfPugj
evalin555,DYyV4XikkeG
homei0416,DYwwByCJHk-
juliamisakii,DWyhh4QCLEi
ooxxq60297ya,DYyZiVLvNwh
coffeewayne_,DYyrY42zu90
___hsun____,DYzVULrzCWn
51yui_,DYy97-PhiME
althea_hsingan,DYzXoOHP10Q
annie19880521,DYzjhIbz-yf
ch.ineffable,DYzYkPdD9J9
ellieciouss,DYzYb8PPLH0
gdan_pudding,DYzQzBTz_z-
itspeachi_,DYzX7y-oX34
joliechi,DYzUDNUJRwU
kcting_____,DYzHFCJJy8B
l1vius07,DYzWCbYE7g5
lees_is_me,DYzhltcTEcj
ning3035,DYzDbIWvYVP
ntsai25,DYzS2Jak0iS
ntsai25,DYv8hDCzNbo
syrinxcat,DYzfLhsFPdQ
teacherchiang,DYzdRosScL-
thedodomen,DYzDj2Zknb4
wayne__yeah,DYzbTH_yaFN
yoooniii___,DYzKu3ME44x
yuus2.0,DYy-WX4PRI7
jefferyjuniorr,DYzXtDPpkza
hl_yuan,DYzFHt9p6Fn
hl_yuan,DYoxZGRpQQZ
_i_i_dayday,DYzYJRjSi5k
51yui_,DY0_QXQRAaL
ch.ineffable,DY1BdhxxScF
plgm_0827,DY1HnlsvWgp
qqamy0720,DY0_M0TEwpy
clio1008,DY1kG8Cjzc9
dododo_yu,DY1j6y2zgwD
elun1020,DY1oVAeR5A-
lotmainidea,DY1ihHnPHaH
ooxxq60297ya,DY1kbVmvvoF
yi_chan_liang,DY1oZfjEdc3
zora_1024,DYzhOvFGNbj
_nakaw,DY14NW_GfTo
althea_hsingan,DY18YrMT42D
cinderzoee,DY19aAYjE26
cinderzoee,DYChk5Wj4cz
cinderzoee,DX4NZ5KD2eY
dododo_yu,DY1sn6TzzeH
ellieciouss,DY1-FsZPsBr
itspeachi_,DY2Atc-Ii1i
joliechi,DY14NUWpeFn
l1vius07,DY10EzLk240
nene_shao,DY16B-2x1os
ning3035,DY1uNT6j3iM
teacherchiang,DY13-CmPnio
vv_levia,DY1-HR7TG7V
jefferyjuniorr,DY12Ec0SrG9
_i_i_dayday,DY18zhRSOdM
lyc._.16,DY12Ec0SrG9
lyc._.16,DYzKawPS3r4
1_shiuan_0,DY2EM7YEjpC
kcting_____,DY2DHXdpvMb
lees_is_me,DY2F9JfzmJe
weiwei4320,DYwscadGuBs
weiwei4320,DYv2IYLTkBg
weiwei4320,DT-jaT8kryh
zora_1024,DY2GbZUGGU7
dododo_yu,DY2vQ1oTZgV
apple_misscrazy,DY3fMi_TqXd
qqamy0720,DY3j7DPys2-
chelseafoodlife,DY4DAQRT8d-
chelseafoodlife,DY1fiiAEy5W
teacherchiang,DY4GZoFlNYl
tsengsean,DY4KyMDBxEi
hl_yuan,DY4NQH9pen2
___hsun____,DY4kSYxk16r
51yui_,DY4a8QJPLDk
alferdpacker69,DY4eVQfCVeg
althea_hsingan,DY4iT_iTHvR
ch.ineffable,DY4bc4nD-Qz
cinderzoee,DY4mkgCMSO7
ellieciouss,DY4iUN8yDtr
evalin555,DY4l-JayUBa
gdan_pudding,DY4sAaLzkxu
homei0416,DY4eE1Rhgk5
itspeachi_,DY4UZEkIgDW
lees_is_me,DY4rnUazLMV
maygobla,DY4h4N0pyX1
myrna.17,DY4QFDuPEcC
ning3035,DY4O-KVPSm1
selinalee_0126,DY4PL5WmlMa
teacherchiang,DY4hYclDzTi
uriko1219,DY4RbgOzMeW
wayne__yeah,DY4iiPJyelq
yoooniii___,DY4agpDzE4G
yuus2.0,DY4ZN2YvuKv
vigueurchen,DY4sD0rz_ty
snoop123v,DY4YRRpy7H3
_i_i_dayday,DY4hq79yQfU
brian_diandan,DY4UlNnSkKK
ooxxq60297ya,DY43K4CgMm_
zora_1024,DY4ulKpgegE
lun.tw,DX4IgIfzl5W
lun.tw,DXwWtNFT0n1
ch.ineffable,DY6FbKDRldV
kcting_____,DY6I1HFJHNB
dododo_yu,DY6RHk3zDEq
dododo_yu,DY3oxpkzhjC
hoelaine1116,DY6IgyLvRjs
___hsun____,DY1KPpgz6Dq
annie19880521,DY69DVOTNXi
apple_misscrazy,DY6uKQizr4i
bumpbro,DY68M41pQKi
evalin555,DY6zvdvRxOg
joliechi,DY69DtwpuDd
lees_is_me,DY66QifTor8
maygobla,DY66_o5JfWV
rrei_ier,DY6neIeDyPx
thedodomen,DY6x_h8zFXQ
vigueurchen,DY67Obkk3rk
vigueurchen,DY66ly8kxB3
lyc._.16,DY68O0DyLaF
ellieciouss,DY7F-IEvakj
pigcatmama,DY7LilRk5wu
teacherchiang,DY7GaBuvXjD
vv_levia,DY7WHiBk5Xb
wayne__yeah,DY7GnLxyO-C
c13nn,DY7HP2vTIu3
jefferyjuniorr,DY7FEiXpkxZ
jefferyjuniorr,DY4hlM8JX19
bumpbro,DY8tTstv2fx
ch.ineffable,DY8y8cjRt_o
selinalee_0126,DY8zqjimlpO
thedodomen,DY8xqVbkj4R
ooxxq60297ya,DY9GE_RvaDJ
alferdpacker69,DY9euhuiRNU
annie19880521,DY9ZN_iJxkw
coffeewayne_,DY9YwY8T98u
hl_yuan,DY9Ze6gJ9aR
annie19880521,DY9rGAGTsM0
ellieciouss,DY9rQI_Ptel
hoelaine1116,DY9svLzPBmQ
nene_shao,DY9pnRzTyAW
sonia_0929,DY9suZ6j7oF
teacherchiang,DY9rNTIPHmk
thedodomen,DY9rawtAbnF
wayne__yeah,DY9q1k9JSb0
yoooniii___,DY9rot1ExKr
c13nn,DY9rOJMTAoN
jefferyjuniorr,DY9q1k9JSb0
_i_i_dayday,DY9qgDbSOud
_i_i_dayday,DY7GfLGBMK_
itspeachi_,DY9xjkVCKoc
lees_is_me,DY91iXtzlCx
mimi00419,DY_D23jmAv6
1_shiuan_0,DY_aNCBxpzF
apple_misscrazy,DY_SBo2zooL
thedodomen,DY_ZAf4kkAO
bumpbro,DY_7yyrvGFv
cindyhhh32,DY_73cpk2ak
l1vius07,DY_8bj6zhZn
dylee.an,DZACXpgBzf6
lyc._.16,DY9keYLSka2
_nakaw,DZAP7qqzy1t
althea_hsingan,DZAPAItPa3B
cinderzoee,DZAPRNzMbop
ellieciouss,DZARFpYvJxu
hsuan09876,DZANhcGSGWS
maygobla,DZAQryApR26
sonia_0929,DZAPuJdv_ZL
thedodomen,DZAQVeNDdVk
xin_yeee719,DZASqcckvr9
yoooniii___,DZAGo9gE3XJ
c13nn,DZATf29k33S
jefferyjuniorr,DZAPl1tpwmA
_i_i_dayday,DZAQI8wEsfL
apple_misscrazy,DZAbMxxE6tB
dayxcx_n,DZAWfUGmTa0
joliechi,DZAZCdkifr0
lees_is_me,DZAajJPzMQf
ntsai25,DZAajF4zHSZ
ooxxq60297ya,DZAenOjlB13
weiweibig,DY-Jjf1S6jJ
snoop123v,DZAacLCSLEQ
hoelaine1116,DZB3HwjPFge
___hsun____,DZCgrmnk3Ga
1_shiuan_0,DZB9rIRkchj
apple_misscrazy,DZB5yptzf10
fc313,DZCii-1gW2q
fc313,DX6u9mbgQ2F
fc313,DV0Z_oEAdJ4
kudream,DZCg380NYgd
myrna.17,DZCbrCGPXUX
plgm_0827,DZCi8zkpiFS
weiweibig,DZAtrD4E53p
annie19880521,DZCr4iFTafs
ellieciouss,DZC0lIKPAJk
itspeachi_,DZC25G_oQoN
joliechi,DZClVW_pr2b
kcting_____,DZCuNNzJZRS
lees_is_me,DZC-27kzWd5
nene_shao,DZC2YBTR-r0
ntsai25,DZC5z5ozkGe
ooxxq60297ya,DZDA4ASu3_Q
sonia_0929,DZCypOulDhN
teacherchiang,DZCz91RvRmH
thedodomen,DZC12v2jqtj
wayne__yeah,DZC37b5yD7W
yi_chan_liang,DZCrC2cGYiS
yuus2.0,DZCvztJPRnN
c13nn,DZC1SsDMS11
jefferyjuniorr,DZC0bPLJBs-
hl_yuan,DZCj5iaJC5c
_i_i_dayday,DZC1OmxyxjX
lyc._.16,DZCrTgxMCtw
lyc._.16,DZAJUGAyji4
bumpbro,DZDdY3oTHYb
mimi00419,DZEMYCOmMkg
ntsai25,DZEb5o6E3l-
tsengsean,DZEcKNQhoSF
frannie0420,DZEpZXMgXLO
tanmilin,DZE_Kd9zTF8
vv_levia,DZEqNGHTyVo
weiweibig,DZEupVTEhdA
___hsun____,DZE06K6Ti89
1_shiuan_0,DZFL9LhSkcM
althea_hsingan,DZFZLoHP0rd
althea_hsingan,DZC0VlGvA9n
apple_misscrazy,DZFhGy1E1Q3
arielsvlog_816,DZFRPfSRr1I
ch.ineffable,DZFfEOAPiXX
david_der_der,DZFThZylE5-
diamond1018,DZFaLHtFPIq
ellieciouss,DZFhWf6D_Hc
ethan_hung3513,DY6hE6jyVNu
gdan_pudding,DZFS3I1TGmY
hoelaine1116,DZFMY9zv5n0
joliechi,DZFNqPppBEZ
lees_is_me,DZFa-24TJyZ
maygobla,DZFcqmYpbmB
mimi00419,DZFFrTtlLe8
ntsai25,DZFb3S7zq3X
ooxxq60297ya,DZFMkVtp018
rrei_ier,DZFX3vNvAep
sonia_0929,DZFZRKtj0w-
teacherchiang,DZFGWbnvPke
thedodomen,DZFZ36Tj9xA
wayne__yeah,DZFbP6yyBZU
c13nn,DZFaUOBTGmJ
jefferyjuniorr,DZFZfxkJy-O
_i_i_dayday,DZFZrrByl34
tanmilin,DZHC5rpzR4I
yuus2.0,DZHDuEkP38z
uriko1219,DZHdlvCk9bi
apple_misscrazy,DZICPnHk5jj
bumpbro,DZHy4GZPrVg
cinderzoee,DZH__pJMaTS
ellieciouss,DZIAivvvzm4
elun1020,DZH3oPPEy74
gdan_pudding,DZH2ixbTwbq
homei0416,DZH1JF7yl-k
illywang,DZHz8EsSlRQ
illywang,DZFFsiRhVQy
im_lilflower,DZHzXakk7RB
im_lilflower,DYyaV4hzMBd
lees_is_me,DZIJXzkzymN
maygobla,DZIHNVmmKcH
nene_shao,DZIAb0kPw1n
ntsai25,DZIDHKkzZrv
wayne__yeah,DZH_aAESVOZ
yoooniii___,DZH5_yFE4Xy
c13nn,DZIB4TJTfQx
jefferyjuniorr,DZH-AElJmP4
hl_yuan,DZHrEKyJRXB
snoop123v,DZH6SziEkHU
_i_i_dayday,DZH-gPHyKOq
mimi00419,DZIPwCJGGrI
51yui_,DZJl--DxClY
apple_misscrazy,DZJl2pPz0y0
qqamy0720,DZJlD1bzBlZ
teacherchiang,DZJl0p_vPBy
tsengsean,DZJltqNA_IZ
l1vius07,DZHwN6zzjlA
zona.ccc,DZJ_SFfPDqw
___hsun____,DZKOp3azyG4
arielsvlog_816,DZKV5Q4y-uO
bumpbro,DZKZL6ePT3H
chelseafoodlife,DZKNstnz6ce
selinalee_0126,DZKUenUiyQs
teacherchiang,DZKOv3kE1xW
yoooniii___,DZKZt8UTS2x
lyc._.16,DZKOzWJsITS
lyc._.16,DZH0NOgS3EM
brian_diandan,DZKaCHVPPVr
althea_hsingan,DZKiQbuhcLK
althea_hsingan,DZH95O7vt18
ch.ineffable,DZKmGZQkYyY
ellieciouss,DZKi6xaP-bj
joliechi,DZKppaUJbbR
kcting_____,DZKhCAZJM5r
lees_is_me,DZKsqf1Ppp2
lotmainidea,DZKpsJ2j9QE
maygobla,DZKq6kGpw1v
ntsai25,DZKlUFFD5X0
sonia_0929,DZKiSqlPimM
syrinxcat,DZKnA7MlLrn
thedodomen,DZKjbxLDYLO
yuus2.0,DZKedK3PoWx
zora_1024,DZKscfLS3oo
c13nn,DZKmOySpo26
jefferyjuniorr,DZKjD4HJXM1
lun.tw,DZKk8SGAVSY
_i_i_dayday,DZKoxlFEomB
ooxxq60297ya,DZK2VkSPIpS
dododo_yu,DZLpAYkk-6C
_nakaw,DZMPICClOAa
1_shiuan_0,DZMO0aWEf0Q
arielsvlog_816,DZMJ9QbyJ0I
bumpbro,DZMtvEcPiR2
tanmilin,DZMfiuNBMd9
xbabyx520,DZMimReTE8t
snoop123v,DZMvLpXkpxh
kcting_____,DZNDFwKJAxS
mimi00419,DZNDMvvGQ1r
nene_shao,DZNDmAQT2jM
ooxxq60297ya,DZM6U-2Q0I4
hl_yuan,DZM0L7uJGEW
lyc._.16,DZM52usMZLa
cody.0928,DZNL10jD4ZL
cody.0928,DY7QOzdD9Ao
ellieciouss,DZNHcspvsVT
lees_is_me,DZNUZC-T9u5
teacherchiang,DZNJi0oPsDj
thedodomen,DZNIQ8vDZqf
xin_yeee719,DZNRgnmSXul
jefferyjuniorr,DZNIB1BJw_N
_i_i_dayday,DZNIo-RSkpR
frannie0420,DZNgtpqhrYy
dododo_yu,DZN0cRQk3eb
ning3035,DZPHQM8PS4I
ooxxq60297ya,DZO_KDksUIy
yoooniii___,DZO804Zz5zN
elun1020,DZPJhVTkybc
bumpbro,DZPkZAwvQmJ
mimi00419,DZPh4QCNaoa
weiweibig,DZPgoXDyBb7
lyc._.16,DZPeTn-MKCE
althea_hsingan,DZPs9aTT4Sv
ellieciouss,DZPrmNlvJnH
gdan_pudding,DZPtDyKT5_F
lees_is_me,DZP3TFwT6oK
nene_shao,DZPtDyKT5_F
tanmilin,DZCjz6TzNQg
thedodomen,DZPtBOWAYx3
yuus2.0,DZPtDyKT5_F
c13nn,DZPsqa2TE8v
jefferyjuniorr,DZPsgggJNAt
_i_i_dayday,DZPtOSzykNr
_nakaw,DZRPLjSl-yK
ch.ineffable,DZRbKHoxlle
pigcatmama,DZRRy2UzM9b
ellington20,DWqXWo0FEqx
ellington20,C5a4pDWyzKM
ellington20,CWaqpwivJMt
ooxxq60297ya,DZRjVKizNg1
51yui_,DZR8gbYheOd
itspeachi_,DZSGXrhGWli
rrei_ier,DZSDjiPj2Pl
rrei_ier,DZNPgIqvBKe
teacherchiang,DZSDtJhvrnW
yuus2.0,DZSEXqfvpxH
zora_1024,DZSFvqHh5as
___hsun____,DZSIqr_TUIr
1_shiuan_0,DZST2lWEhem
althea_hsingan,DZSRP2xzk_J
ellieciouss,DZSUKvzvqN2
maygobla,DZSYv4gp8yv
ntsai25,DZSRpwUE0xL
wayne__yeah,DZSXYqoPuQN
weiweibig,DZRfMVyxO21
yi_chan_liang,DZSSFm-mXw_
yoooniii___,DZSQwXpE3D6
jefferyjuniorr,DZSRUyJJ6Uq
_i_i_dayday,DZSRfUwyVKc
annie19880521,DZSX1Bazoa3
lees_is_me,DZScqOvTZRf
vv_levia,DZSgpWZk_-E
cindyhhh32,DZSm8Ceztgz
cindyhhh32,DZFbEnmEzKc
clio1008,DZSp2wIj8yV
annie19880521,DZT21Ksk02u
tsengsean,DZT384iMzUj
chelseafoodlife,DZUae_sTMIa
arielsvlog_816,DZUqjgrm_SL
ch.ineffable,DZUxv_DD3RM
cinderzoee,DZU58QHD3TG
cindyhhh32,DZU8LI_k_kn
diamond1018,DZU-agmkb7V
dododo_yu,DZUn7OOyIF_
ellieciouss,DZU41-JPwkm
homei0416,DZUxurGzArg
itspeachi_,DZUzLw8O0He
joliechi,DZU75_6JRz4
kcting_____,DZU1i-RJ6lm
l1vius07,DZUp9D9B80Q
maygobla,DZU-EatJsQp
nene_shao,DZU17H5verp
ntsai25,DZU07yBzV1E
rrei_ier,DZUxtBQPQGK
sonia_0929,DZU2IaCPiEA
syrinxcat,DZU6JNLlEmp
tanmilin,DZU77omIBja
teacherchiang,DZU0HAqD8lx
thedodomen,DZU2iaukpou
yoooniii___,DZU5UwIzHYK
zora_1024,DZUw61KFMfC
c13nn,DZU3KziTXzt
jefferyjuniorr,DZU2FdqpsOD
dylee.an,DZUvg67pBJH
lun.tw,DZU3PFKTCXq
hl_yuan,DZUilZ6pE16
_i_i_dayday,DZU2jv4SbzK
brian_diandan,DZUtmkbtE-S
brian_diandan,DZSD-0IP2M7
lees_is_me,DZVBwJezMvW
wayne__yeah,DZU_c-DSeKG
plgm_0827,DZWDJV7vVwj
51yui_,DZWdnjcRL6T
ch.ineffable,DZWaCs4x4up
ooxxq60297ya,DZWjf4dJ4JJ
qqamy0720,DZWdhnIFEaH
yoooniii___,DZVKJ1QzqeK
chelseafoodlife,DZW_RRjE9rL
gdan_pudding,DZXQnmNTBPQ
hsuan09876,DZXTEF2Rmzh
joliechi,DZXYnS5JEtK
kcting_____,DZXPNLzJmbP
mimi00419,DZXUhBCEzdU
thedodomen,DZXGs5Nknme
yoooniii___,DZXXwR1zfgF
yuus2.0,DZXUpmkvwLc
lyc._.16,DZXNi-eSPLR
___hsun____,DZXR5_WTBvL
althea_hsingan,DZXdM_0k7F5
clio1008,DZXpv-AD5lv
lees_is_me,DZXlMXjzm0-
ntsai25,DZXbV0jBtWQ
qop0102qop,DZXbOv-FF8-
sonia_0929,DZXbJz9Puuy
vv_levia,DZXpAxmk2_Q
wayne__yeah,DZXfgbqS-Js
zona.ccc,DZXeSmxP6pl
c13nn,DZXbfPRzaap
jefferyjuniorr,DZXaz6jp1oV
_i_i_dayday,DZXbUHhyIYg
tanmilin,DZY37GmoB4R
tanmilin,DY0n9FDjGDR
xbabyx520,DZZCOFmE9Ja
ch.ineffable,DZZDPGaRmtV
joliechi,DZZwumPp-8g
kcting_____,DZZ1TxhpyE7
ooxxq60297ya,DZZ1PN-sX8n
teacherchiang,DZZrcxwPzlz
thedodomen,DZZrhfHklf7
coffeewayne_,DZZ635iT5wV
hl_yuan,DZZx1XVpEdX
lyc._.16,DZZ1zInSfrC
1_shiuan_0,DZaE-i2hTdo
althea_hsingan,DZaG9z2k5c8
cindyhhh32,DZaAPwTE9a5
ellieciouss,DZaBLQavlMV
lees_is_me,DZaMdymTR7q
myrna.17,DZaL51UDyAl
nene_shao,DZaF5vHzENW
rrei_ier,DZaEib8Pp4K
vv_levia,DZaEi1eE3cv
wayne__yeah,DZaIgSOSA3L
zora_1024,DZaFC73FCEu
jefferyjuniorr,DZZ_vCOp_G1
lun.tw,DZZ9ibYTIkw
snoop123v,DZZ--ApEqHQ
_i_i_dayday,DZaADfgyXpx
_nakaw,DZbtIB4laDJ
51yui_,DZbny2XEe6i
ch.ineffable,DZbuLlwEd9c
hoelaine1116,DZbm8v-D4E7
ooxxq60297ya,DZbyiY3S0kd
plgm_0827,DZbVOAUPUen
chelseafoodlife,DZcNnHiTfmI
david_der_der,DZB3tzeJrqq
ning3035,DZcTsrtP9Ro
qqamy0720,DZb0yeBhaeY
tanmilin,DZcM_FSTfjR
teacherchiang,DZcQTIflLVN
___hsun____,DZcYBBCz0s4
althea_hsingan,DZcrH53k3PV
cinderzoee,DZcpnjej1lb
diamond1018,DZcvGXhEb3R
ellieciouss,DZckQYuvUrb
joliechi,DZccq3DJArv
lees_is_me,DZcvzSlz1_h
mimi00419,DZcXIrmAWH6
ntsai25,DZcnuieE0Yy
sonia_0929,DZcvBqEj6Jn
syrinxcat,DZctT9BAeI-
thedodomen,DZcmdkIkj6K
vv_levia,DZcrLDazPcr
yoooniii___,DZcf3dWTXP8
yuus2.0,DZca4Govr8N
zona.ccc,DZcadq8lcnw
zora_1024,DZcvIUmBzpe
jefferyjuniorr,DZckcckpMq9
snoop123v,DZcb_ekyhO5
_i_i_dayday,DZclAeFSH32
lyc._.16,DZcan9xS9Xp
joliechi,DZd8jP6iYRf
tsengsean,DZeMFlsl3EN
chelseafoodlife,DZes0Wkzal6
annie19880521,DZe6zBTTPVz
annie19880521,DZcwGA_z4WA
bumpbro,DZe4UxZveuI
kcting_____,DZfAceZJ6Jr
myrna.17,DZfADkdIOAd
plgm_0827,DZe4leTJdw5
qdd_x1,DZe0ivWJ_Td
rrei_ier,DZfEbc8Pn5_
vv_levia,DZfA_kzE6rg
xbabyx520,DZe1suqT7s0
xin_yeee719,DZe_63sEst5
yoooniii___,DZfFiDOzRs-
jefferyjuniorr,DZe9c85pd7I
hl_yuan,DZe20XpJO21
lyc._.16,DZe9c85pd7I
_nakaw,DZfHdAZz-LL
althea_hsingan,DZfQ_z6kz0Q
arielsvlog_816,DZfHa-kSFUW
ch.ineffable,DZfGenhvrQL
hsuan09876,DZfJKJ3PfIm
lees_is_me,DZfWGk9TP9Z
teacherchiang,DZfJgUQPC7i
wayne__yeah,DZfK5y0yPAx
yi_chan_liang,DZfJgmCSpzq
c13nn,DZfK6yBTSUI
_i_i_dayday,DZfJs8Nya3f
jefferyjuniorr,DZgwh4YJcco
1_shiuan_0,DZg22VuEXR3
thedodomen,DZgzNOcElAv
bumpbro,DZhQsgdPPbv
mimi00419,DZhe35pGEFV
vv_levia,DZaLq1ATHIE
vigueurchen,DZhShLeTpCz
althea_hsingan,DZhmn9ezFc2
ellieciouss,DZhuUEOPLqE
homei0416,DZhvu_hBHxR
kcting_____,DZhtxkxJAhZ
nene_shao,DZhu-9kzHrC
ooxxq60297ya,DZhyyO0lFFI
thedodomen,DZhub2rTWrx
yuus2.0,DZhtFAdGM55
c13nn,DZhzBycTHgS
snoop123v,DZhoMIEzdWh
_i_i_dayday,DZhvl36ErSU
lyc._.16,DZhkIFnhBow
brian_diandan,DZhpXTmFaOA
brian_diandan,DZcXMJZPCCT
cailingliou,DZiDgGEE8D_
lees_is_me,DZh4BXvzQoX
qop0102qop,DZh4BqrlD0d
teacherchiang,DZh1e2oPeng
zona.ccc,DZh4OAcmfY8
snoop123v,DZctCCdkhlR
mimi00419,DZjJz_Etavr
tsengsean,DZjWrO4FPwl
yoooniii___,DZjeGRlzodE
yoooniii___,DZg0R_czCe9
yushit_whonow,DZjUiQUPqjY
yushit_whonow,DTP0NyUj58I
1_shiuan_0,DZjrc7akYqj
chelseafoodlife,DZjxKASzvdk
ooxxq60297ya,DZjp8cThp_X
51yui_,DZkFpT3uei9
bumpbro,DZj8Qi9PlIr
hl_yuan,DZkEQ3LCRRK
___hsun____,DZh77MAzlhk
ch.ineffable,DZkShJmP2mK
chelseafoodlife,DZkTOFhm2Jy
cinderzoee,DZkUkB3jzr7
ellieciouss,DZkSnaSvNWi
lees_is_me,DZkbAQrzkgx
maygobla,DZkcFUUJuGd
ntsai25,DZkVP1JTOdh
sonia_0929,DZkWAcBDz14
teacherchiang,DZkTo_KvaOi
thedodomen,DZkTRiDzxhL
xin_yeee719,DZkPazryRYG
zona.ccc,DZkRdCRPsCY
c13nn,DZkVNQZE0Eq
jefferyjuniorr,DZkTEPxpoVM
_i_i_dayday,DZkXIxGkn_F
lyc._.16,DZkTEPxpoVM
brian_diandan,DZkRxEYtOwe
plgm_0827,DZkozsaDzN3
althea_hsingan,DZm3emGv-RW
apple_misscrazy,DZmkOvQE0jD
ch.ineffable,DZmqbVgj7mk
elephant_gogo,DQ9WpVSD_G3
ellieciouss,DZm5P78Pp3O
gdan_pudding,DZmy4JIk7LI
homei0416,DZmPonaRnYq
homei0416,DZl91uXyNlS
kcting_____,DZmlph6PmRn
l1vius07,DZmpvE0ThAk
ning3035,DZmrrt-vn5X
noloveclub127,DZmSUa9xExy
ntsai25,DZm49rQk0tA
ooxxq60297ya,DZmR38AFJ0-
selinalee_0126,DZmn310muEe
sonia_0929,DZmxnHPvezM
teacherchiang,DZmjbn-vye3
thedodomen,DZm4J_CDF_V
xbabyx520,DZmdZ6Lz3x8
yoooniii___,DZmzecMEwkK
yuus2.0,DZmwy1rvve0
zona.ccc,DZmoIwvvQ_g
zora_1024,DZmrbOXFNy_
jefferyjuniorr,DZm3xwyp7Yi
lun.tw,DZmrMhTkxQ1
snoop123v,DZmzXHHPLeV
_i_i_dayday,DZm4b_HSnE8
brightlife_magrate,Ct5uupSgMJ9
gdan_pudding,DZnCOQ6E-hN
gemma_chang,DZm61qkkx-G
joliechi,DZnAw0Npr6B
lees_is_me,DZnBFZNz-QF
mimi00419,DZm8TmiGMN5
vv_levia,DZnAnk8E5xI
wayne__yeah,DZm8im2yuql
brian_diandan,DZm8n0PmPhC
51yui_,DZofWYqRb9E
diamond1018,DZoXMaORnrv
hoelaine1116,DZofOsSjw4B
tsengsean,DZof0KaO7Go
m____sir,DZookNQFbE9
vv_levia,DZpIm1tTkfh
hl_yuan,DZpKJROJEoV
___hsun____,DZphMAUk-2g
1_shiuan_0,DZpcAwmEX10
althea_hsingan,DZpchItTCj0
annie19880521,DZpl30AzWnx
apple_misscrazy,DZpKAiUGEYT
arielsvlog_816,DZpJ2wySYYQ
cinderzoee,DZpeb2vAdqF
ellieciouss,DZpc074Sncr
evalin555,DZpjKQ_RU9Y
frannie0420,DZpcuuYhDzg
gdan_pudding,DZpKAiUGEYT
gdan_pudding,DZpchMJtyTj
lees_is_me,DZplUv_TH-n
maygobla,DZpiw9tEYB3
ntsai25,DZpgPhrE5Oe
teacherchiang,DZpcuE0yMJE
thedodomen,DZpc8ZpDCS3
wayne__yeah,DZpf94pJUeP
yoooniii___,DZpc1GCzdj0
yuus2.0,DZpSA_4PZwg
c13nn,DZpahCazY1b
_i_i_dayday,DZpc3NNh2xD
lyc._.16,DZpR8Ors8Zm
ch.ineffable,DZrCj0bxNUt
illywang,DZrD2BMzLRO
plgm_0827,DZq8Z1PD_b_
tanmilin,DZrHlzBT2Zt
tanmilin,DPL9jU3klQs
xbabyx520,DZrMMfLzoDi
laurenveur,DZrD0qTGt8T
arielsvlog_816,DZryJJqybwM
gdan_pudding,DZru4LFE3fn
hoelaine1116,DZroOy_jzC7
joliechi,DZq2E7tCZC9
kcting_____,DZr2wIsJ8SY
myrna.17,DZrifa_oGly
ooxxq60297ya,DZrZf7Osj7i
weiweibig,DZrrT_lywSY
xin_yeee719,DZr6N4JEoui
yi_chan_liang,DZr1l1QmUO7
lyc._.16,DZr1vuMsPFk
althea_hsingan,DZsC4zIz2tG
cinderzoee,DZsHwc_PsVD
ellieciouss,DZsBu6NvOJb
lees_is_me,DZsLidiTY-i
nene_shao,DZsDLpXMXXp
qdd_x1,DZr9ROzpmdH
syrinxcat,DZsFFADhyaS
teacherchiang,DZsBAx1D7Pj
jefferyjuniorr,DZsBmqMJ3F4
_i_i_dayday,DZsAy0Yylpg
laurenveur,DZsX6shgfvv
annie19880521,DZtahl4TvpW
apple_misscrazy,DZtonJSGIqv
gdan_pudding,DZtonJSGIqv
mimi00419,DZtlgu-mE-d
51yui_,DZuLNTqBn2p
apple_misscrazy,DZuMlRZk3nu
tsengsean,DZuEENTpe-M
ch.ineffable,DZufh3cyOnp
homei0416,DZub0Pby0qq
joliechi,DZufSY8Jsj7
qop0102qop,DZui-G2lJ11
teacherchiang,DZuR3DFAZn9
thedodomen,DZumfyqiHfZ
yoooniii___,DZufRWJzFk7
zora_1024,DZuY5DAlJ6d
jefferyjuniorr,DZumQTxpHOB
hl_yuan,DZuTy1tJK58
_i_i_dayday,DZumdDsSvjK
lyc._.16,DZucIKThaY5
1_shiuan_0,DZulvhiB0Ku
althea_hsingan,DZu1DQsTmmt
annie19880521,DZupgLvzqHk
ellieciouss,DZunYOlPcid
ntsai25,DZunnGrzapH
c13nn,DZunbItzmgl
cailingliou,DZvIUbbz7XC
elun1020,DZwNeLKE0Y5
hoelaine1116,DZwOQryPj85
plgm_0827,DZwUATqDw81
qqamy0720,DZwaKMbv6Iz
tanmilin,DZwUFNPzPph
yoooniii___,DZwgFVJE8te
laurenveur,DZwNeArmm4D
snoop123v,DZwWViBybN1
kcting_____,DZw-NzNpFxo
mimi00419,DZw3N_aGJ8W
nene_shao,DZw9dgbsoik
ooxxq60297ya,DZwxUrchiZ-
jefferyjuniorr,DZw6Az0BuyW
rli.tw,DZxEdtyJu3i
rli.tw,DRGyTU-EmDA
rli.tw,DUUnbTMk9Uf
lyc._.16,DZw6Az0BuyW
althea_hsingan,DZxTPd8zi4l
althea_hsingan,DZw9diwT5SZ
ellieciouss,DZxL7LGvt69
lees_is_me,DZxG-Cdz0V4
lees_is_me,DZuvg8Nzw65
sonia_0929,DZxNiUMD40U
teacherchiang,DZxLD4Tva_n
wayne__yeah,DZxLS-QSS4g
_i_i_dayday,DZxLJxZSaNS
annie19880521,DZysJK-z1U0
ch.ineffable,DZyujx5kdpV
ooxxq60297ya,DZy18xHPEcf
qqamy0720,DZytoVok-fg
1_shiuan_0,DZzKxcWEfdE
yoooniii___,DZzCTisE-P9
laurenveur,DZzDkZmkXER
joliechi,DZzhpMxJbrl
tanmilin,DZzaJHMzRsr
zora_1024,DZzh3msvcGO
rli.tw,DZzijDvJmF3
hl_yuan,DZzeodApAC7
___hsun____,DZwvg1lTrhv
rrei_ier,DZz4VaePIV0
syrinxcat,DZz0byqFK0U
wayne__yeah,DZzz6Xcybmo
yoooniii___,DZzv9azPLLU
c13nn,DZzuxpjTJZl
jefferyjuniorr,DZzvQCoJQ3n
rli.tw,DZzmWWohzqM
coffeewayne_,DZzvm5fzj5l
_i_i_dayday,DZzv_OByYtJ
lees_is_me,DZz7qLFTYd2
myrna.17,DZz-BG-vA2U
gdan_pudding,DZu07F7zHa1
gdan_pudding,DZ1h0boTj2c
mimi00419,DZ1IzCLGHEA
ooxxq60297ya,DZ1lhfnsVZa
tsengsean,DZ1WwhelJhp
51yui_,DZ1_j_GhXZU
ch.ineffable,DZ13IjzRUGS
chelseafoodlife,DYrKRNszEOf
evalin555,DZ2BLMaFAVi
homei0416,DZ14dSpyv6l
noloveclub127,DZ11OI4x0ok
tanmilin,DZ1ygK0TwNV
thedodomen,DZ1qI2NSgwb
xin_yeee719,DZ1887vEvTG
xin_yeee719,DZucUKqyggY
yi_chan_liang,DZ1sVpjESsX
althea_hsingan,DZ2UTA8T42_
kcting_____,DZ2F8brJMrH
ntsai25,DZ2Uki0TDB7
plgm_0827,DZ2G7kqj6wS
sonia_0929,DZ2U5MTPbac
weiweibig,DZ1Ca7DT65p
c13nn,DZ2WRwSz3SV
jefferyjuniorr,DZ2NxGEJ_z2
rli.tw,DZ2Wv8uEkOC
_i_i_dayday,DZ2VvxPht7X
lyc._.16,DZ2L-oAMdxd
ellieciouss,DZ2VtpLvMxR
ellieciouss,DZzwMSwG0z0
lees_is_me,DZ2hLfcThNN
zora_1024,DZ2iS94lCT_
clio1008,DZ2tdTdj1XN
ch.ineffable,DZ4A73dEWqE
evalin555,DZ3xOe_Er_C
hoelaine1116,DZ37oDOPtFG
mimi00419,DZ2NGzxyX6Y
plgm_0827,DZ36tbWPq6L
vigueurchen,DZ37391zgV-
51yui_,DZ4kioLhZbV
elun1020,DZ4ndCQk4Kn
ning3035,DZ4lmzDvu4g
teacherchiang,DZ4oTxQFXm5
coffeewayne_,DZ4qLAWTQDw
hl_yuan,DZ4orUxiYvj
___hsun____,DZ4r2SMEzPW
1_shiuan_0,DZ46qANAQvD
ellieciouss,DZ48HfeD5_0
gdan_pudding,DZ455qjzhkJ
joliechi,DZ5C644Ja05
lees_is_me,DZ5AVKYTX2S
maygobla,DZ48p0vpjEw
ntsai25,DZ47wbzE_Pk
ooxxq60297ya,DZ42Ou6AZqV
qqamy0720,DZ41RxfgcYS
syrinxcat,DZ48wcSh1R7
vv_levia,DZ5JrdtE23Z
yi_chan_liang,DZ5BwAuulTv
yoooniii___,DZ43q5qzy2g
yuus2.0,DZ4v9OqP-dg
zora_1024,DZ5Dv-6FNIG
c13nn,DZ47SciuQer
jefferyjuniorr,DZ45jn7pRyK
lun.tw,DZ4_odMBBmL
_i_i_dayday,DZ46TyFybJh
lyc._.16,DZ4vbh7s8Un
brian_diandan,DZ42Gfuh-6Y
51yui_,DZ6gXoIhIlW
joliechi,DZ6ip5fvuph
tsengsean,DZ6iaCdFeLr
elun1020,DZ7FM7DTslf
arielsvlog_816,DZ7TGHLSQ6w
gdan_pudding,DZ7KHufGMcH
homei0416,DZ7a_cWBaLZ
selinalee_0126,DZ7N_wjmiwC
yuus2.0,DZ7NokaPxqD
zona.ccc,DZ7avP6vU3D
zora_1024,DZ7V6pDhgqD
laurenveur,DZ7afqNARXB
snoop123v,DZ7WUyvSTFk
lyc._.16,DZ7VyTayGQh
althea_hsingan,DZ45jzhvNkl
althea_hsingan,DZ371HiE7wr
cindyhhh32,DZ7wn_OExR8
gdan_pudding,DZ7lzQFlL2S
lees_is_me,DZ7ggouT5nH
sonia_0929,DZ7fLKNvQM2
teacherchiang,DZ7eZc3v8nd
wayne__yeah,DZ7j56KyFuY
yi_chan_liang,DZ7tS9FmZ6f
jefferyjuniorr,DZ7eQMApI77
_i_i_dayday,DZ7ewDYSEXq
gdan_pudding,DZ76fxFEz9D
zona.ccc,DZ7wcNryziI
alferdpacker69,DZ8oK-5zsNO
ch.ineffable,DZ9H9QNEcv4
im_lilflower,DZ9Fs3kz7Te
kudream,DZ9JLWKNLNM
ooxxq60297ya,DZ9Tm3NlCVz
dylee.an,DZ9YIAjiePQ
elun1020,DZ9v5tqk8Z5
kcting_____,DZ92jX1J2hc
l1vius07,DZ9sq4MEx5Z
m____sir,DZ96ZthAhDg
teacherchiang,DZ9ukuXPkZ2
yuus2.0,DZ93eurPtvS
jefferyjuniorr,DZ98ODkpTa7
dylee.an,DZ98Th3h0ZY
lun.tw,DZ91mqMzBZf
hl_yuan,DZ9vJUWpHr3
lyc._.16,DZ91e6HBlDw
2.20_l,DZ-EeuOJJdy
althea_hsingan,DZ-Cp33PB49
cindyhhh32,DZ-G0-ZEzfX
clio1008,DZ-OAV4D0Z5
ellieciouss,DZ-DfEjP37S
frannie0420,DZ-IP_4gaS9
frannie0420,DZ5uTb0TWU-
joliechi,DZ-HHyMJPqA
lees_is_me,DZ-NZh_TpiG
nene_shao,DZ-CV0TMvwi
vv_levia,DZ-JAqSEwTG
wayne__yeah,DZ-GWwXSsJo
zona.ccc,DZ-D7E-GQAO
laurenveur,DZ-HCt6gYfZ
c13nn,DZ-EWRMzTV5
_i_i_dayday,DZ-DDxGSpTM
elun1020,DZ98r7OTcvh
gdan_pudding,DZ_1gGETa98
tanmilin,DZ_9qMlzU_k
51yui_,DaAOnpthv1b
joliechi,DaAW_ZipxlZ
tsengsean,DaAFktfh-Tu
weiweibig,DaATQu5SD5T
jefferyjuniorr,DaAW7-IJjK3
___hsun____,DZ9mBq8TSh1
_nakaw,DaAaBBRGVck
althea_hsingan,DaAlvsqPeB-
apple_misscrazy,DaAbVyOTLZM
cindyhhh32,DaAon_FzC36
ellieciouss,DaAoD4evVFM
evalin555,DaAm4a5RLBZ
maygobla,DaAmjZnJnpA
teacherchiang,DaAg_nnvGjh
yoooniii___,DaAbUFtE-_m
yuus2.0,DaAagrmv1uJ
c13nn,DaAoX2Kh54c
_i_i_dayday,DaAo3BaQsGJ
cinderzoee,DaAsdNPD4ZX
gdan_pudding,DaAvn_Ck3Wp
lees_is_me,DaAz-c4T3P2
myrna.17,DaAze2WPkes
syrinxcat,DaAv2NTFPCh
zora_1024,DaAvgfjhHwD
lun.tw,DaAuUSNAbfQ
ch.ineffable,DaCSIqTRDBr
xbabyx520,DaCPl_KT96E
___hsun____,DaA-mP7z4yC
51yui_,DaCxa-ph-jz
annie19880521,DaC_KynTUl_
joliechi,DaDDuXhpioT
mimi00419,DaCuqkvGAnN
ning3035,DaC4eP1PlcS
ooxxq60297ya,DaC-agQt6FB
sonia_0929,DaC6EENvxsM
vv_levia,DaC6AMoTPer
yoooniii___,DaC5026z1F1
zora_1024,DaC5S6XFN7M
rli.tw,DaC4MSTklOt
coffeewayne_,DaC8WprE7TD
hl_yuan,DaC6lB0JaSI
lyc._.16,DaDCfUZBeF7
2.20_l,DaDM9SPCSW6
althea_hsingan,DZ-DLJSTLxr
ellieciouss,DaDQOTNyDFo
lees_is_me,DaDV8LUThHa
thedodomen,DaDNV4ZymFN
wayne__yeah,DaDODs-yxUp
yi_chan_liang,DaDMFJxPRPB
jefferyjuniorr,DaDMef0pQwF
_i_i_dayday,DaDM4Z9SvMB
apple_misscrazy,DaDig29iTYQ
kcting_____,DaDadrPpBdg
qop0102qop,DaDZpUMlJ4A
teacherchiang,DaE514ovh8P
thedodomen,DaE2iioFDZK
yoooniii___,DaE3cixTcFh
ooxxq60297ya,DaFIlddNU8q
dododo_yu,DaFi-f6AabS
dododo_yu,DZ-kJqVE3XA
pigcatmama,DaFn4rWk1MP
2.20_l,DaFzANrpSNo
alferdpacker69,DaFx0bxCSQO
ch.ineffable,DaFqjCbvblI
l1vius07,DaF3kp5E05r
nene_shao,DaFwqgmss_L
ntsai25,DaFyEUrT1Af
sonia_0929,DaFzdk1DxNF
c13nn,DaFxeAbpDsi
jefferyjuniorr,DaFxeAbpDsi
_i_i_dayday,DaFxY08ydZc
lyc._.16,DaFstHfz5jp
lees_is_me,DaF7WxCzlCO
syrinxcat,DaF5PEszfOR
vv_levia,DaF82BzE9xM
yi_chan_liang,DaGAQmFmeML
yoooniii___,DaHYKCXE8RT
tanmilin,DaHxc9SzQDP
tsengsean,DaHfaWwtCL8
xin_yeee719,DaHqo9cya3h
zona.ccc,DaH2fqRvZTG
___hsun____,DaF8c3iT3cE
1_shiuan_0,DaH536RxtM8
51yui_,DaH9n-DhVRy
elun1020,DaICnIFE-Ak
l1vius07,DaIIQ3NThC-
ning3035,DaIIhmGj6Vw
xbabyx520,DaIG3DTE773
hl_yuan,DaIDe9qJpym
2.20_l,DaIVSI7CZ-R
althea_hsingan,DaIX4ybz6st
arielsvlog_816,DaIVyy7SM91
cailingliou,DaIMIkClGSs
ch.ineffable,DaIOpvHRZ5U
ellieciouss,DaIYh6Jvj34
maygobla,DaIWUIWGOr8
nene_shao,DaIUyt6PLoK
ntsai25,DaIWcaAEyRD
qdd_x1,DaIY_kRpCka
rrei_ier,DaILgsYv7_d
sonia_0929,DaIP9szvUib
weiweibig,DaIVuWxynt7
yuus2.0,DaIUyt6PLoK
c13nn,DaIVm86Texi
jefferyjuniorr,DaIWUH5Sr2H
_i_i_dayday,DaIXKyoklQ9
lyc._.16,DaILYXeMvb9
kcting_____,DaIglZ3JT0O
lees_is_me,DaIe8MHTQtQ
ooxxq60297ya,DaIdHtLlKRO
pigcatmama,DaIeU4Tk0SU
zora_1024,DaIeco1lNqK
snoop123v,DaIl97dEo92
gemma_chang,DaIw9Nuzntp
ch.ineffable,DaJ9OJQxvjt
tanmilin,DaJsESszFRh
rli.tw,DaJ55-3Tll-
2.20_l,DaK5P7AJaPe
althea_hsingan,DaK6whtTRKl
cailingliou,DaKxua5TSMq
chelseafoodlife,DaCwy38hQVp
cindyhhh32,DaK7NqATs_4
ellieciouss,DaK_eipvofd
kcting_____,DaK30N6JHBR
lotmainidea,DaKya2yj-XE
m____sir,DaKs6jqzBFM
ntsai25,DaK-TpazZCZ
qdd_x1,DaK2dS5CUSy
selinalee_0126,DaKrtiqGml4
teacherchiang,DaK7fp1hWUG
thedodomen,DaK7Ogpj86G
wayne__yeah,DaK62Nuyd5Q
yoooniii___,DaKuVmYzAbv
yuus2.0,DaKw8YGPdIv
zora_1024,DaK_QeMBee_
c13nn,DaK7HRlTLXN
jefferyjuniorr,DaK7HKFp8wm
lun.tw,DaK7tfOTsNe
_i_i_dayday,DaK8KuSkkv9
lyc._.16,DaKw6wVh674
brian_diandan,DaK0STChyep
gdan_pudding,DaLKSI7E5Oo
lees_is_me,DaLI9IxT8Zz
vv_levia,DaLK2GAkxhU
dododo_yu,DaL6ykwTBJU
m____sir,DaKtfXTAUQH
ooxxq60297ya,DaMY2kIvlgh
tanmilin,DaMVp05zvsW
tsengsean,DaM-6mnpvMG
51yui_,DaNMnviFOBX
ellieciouss,DaNNkFXCS5S
joliechi,DaNOJwmp1mu
mimi00419,DaNSNhQiUKm
qqamy0720,DaNLWOLB0d-
rrei_ier,DaNPG2mj9_h
weiweibig,DaNKWH0xqE0
yoooniii___,DaNSFGzEye4
dylee.an,DaNXyhlJEXy
hl_yuan,DaNNPJFJkZh
snoop123v,DaNVL6Kyhlg
lyc._.16,DaNSN0wh0Yq
2.20_l,DaNht07Cdm4
althea_hsingan,DaK7Yt5sR_l
itspeachi_,DaNjul8GdmS
lees_is_me,DaNrQdMzJeD
maygobla,DaNgJX9JUWt
ntsai25,DaNiBGmTw-w
qdd_x1,DaNkqSPJt5s
thedodomen,DaNgJPUkpoR
vv_levia,DaNmUqMzupv
wayne__yeah,DaNl5VWyK-h
weiweibig,DaNf-TWTYKP
yi_chan_liang,DaNht1VmQxl
zora_1024,DaNiLpKhtqj
jefferyjuniorr,DaNfc8kJ28-
_i_i_dayday,DaNfjT6yaWx
apple_misscrazy,DaN5kBKk8Bo
dododo_yu,DaOgkQoTO6q
myrna.17,DaK3nLbP51l
hoelaine1116,DaPHBr3j2X3
joliechi,DaPOeL0JFV6
uriko1219,DaPPfpYz5JP
xbabyx520,DaPJkm0zh7j
_nakaw,DaP-fMQGcoh
dododo_yu,DaP96RZzJgX
elun1020,DaP98qPhRmC
kcting_____,DaP31M1J-xg
l1vius07,DaP5l5bE8Wx
lees_is_me,DaQAq5MzbmY
yoooniii___,DaP47ybE-Bd
zona.ccc,DaP6giwhZpM
zora_1024,DaQCMPIlPEV
laurenveur,DaP9WEWhlK4
lyc._.16,DaP6fJch1r-
___hsun____,DaQL_Kgkxv8
2.20_l,DaQHEH5JXMc
althea_hsingan,DaQG_6Yzzxo
ellieciouss,DaQGTGQv0Fj
hsuan09876,DaQG_AgkSYi
nene_shao,DaQCrN0socr
ooxxq60297ya,DaQKdlBlHMi
qdd_x1,DaQEQxXp--y
teacherchiang,DaQEgWxvMEH
wayne__yeah,DaQFmchyg82
c13nn,DaQGKPnTLUc
jefferyjuniorr,DaQDzgmpivK
_i_i_dayday,DaQLq2JSiK-
1_shiuan_0,DaQYwL_ktXO
evalin555,DaQZFsoSiWs
51yui_,DaRrLIqhvOk
evalin555,DaRtBQsSAxb
dylee.an,DaRrwlriUxi
myrna.17,DaR-J8MD3sD
rrei_ier,DaSU2JADywQ
teacherchiang,DaSU_8kgXEm
thedodomen,DaSU8jZzv5I
yuus2.0,DaSfZLMvK4s
hl_yuan,DaSVv6IJdLL
2.20_l,DaSqdoAiU3M
althea_hsingan,DaSo8ohPD7s
ellieciouss,DaSruffvdbd
kcting_____,DaSu7c0pCNt
lees_is_me,DaSwb6RzUQn
maygobla,DaStPYkJuuf
tanmilin,DaSwwQ_THLb
tanmilin,DaOoq7vG9Gl
yoooniii___,DaSuYNqkyj4
zora_1024,DaSoq2EBpqj
c13nn,DaSpkzzzNET
jefferyjuniorr,DaSpHgbJhY4
snoop123v,DaSlIU6kuVr
_i_i_dayday,DaSpjkRj4Gk
brian_diandan,DaSnzanNEyR
evalin555,DaUR-72SKNb
ntsai25,DaUAb_eEzV9
rli.tw,DaUMxXESEDL
dododo_yu,DaUE05MT587
gdan_pudding,DaUgPdhznOM
arielsvlog_816,DaU0rr5SB54
ch.ineffable,DaU0QroRtQY
kcting_____,DaU_zTEpESi
ooxxq60297ya,DaVA44ExBc4
sonia_0929,DaVFBYly69R
tanmilin,DaU66OFzCcH
tsengsean,DaUx46elOKE
xin_yeee719,DaU8rwnkpl2
xin_yeee719,DaNdz6YEicr
yi_hsien_1123,DaU8jnsk0R0
yoooniii___,DaVEb6lkwI9
yuus2.0,DaVEGhoPxlO
zona.ccc,DaUuxMlvL6R
snoop123v,DaU00MmEkeG
lyc._.16,DaVBLXDMJqt
2.20_l,DaVQsoMp2h_
althea_hsingan,DaVK50QP-4A
ellieciouss,DaVOGPZPnpG
lees_is_me,DaVNEhNTMs7
zora_1024,DaVGy-NBjUV
c13nn,DaVJvcFTXM5
jefferyjuniorr,DaVOXVkhci6
dylee.an,DaVOXVkhci6
_i_i_dayday,DaVOVAey37c
maygobla,DaVXyvRGEzS
yi_chan_liang,DaVXaulOUms
apple_misscrazy,DaW4ugHk_hs
tanmilin,DaWv9XxTTB0
vigueurchen,DaS0EaDEycW
frannie0420,DaXDYCNAVyu
ooxxq60297ya,DaXI9kHp9sg
yoooniii___,DaW-kHxzMNs
yi_hsien_1123,DaXaC7Dk16L
zona.ccc,DaXiAXuBauy
hl_yuan,DaXfMjspM9Z
___hsun____,DaXiLSzTJbk
lyc._.16,DaXo6D8Bi5q
brian_diandan,DaXsVfvP0be
2.20_l,DaX3zhHJCTe
ch.ineffable,DaX25GTj_8J
ellieciouss,DaX7Pdagcsq
joliechi,DaXK2w0vGG4
lees_is_me,DaX8f5yTw83
nene_shao,DaX0hRbRLIz
ntsai25,DaXzKbOhNpe
sonia_0929,DaXvslqj1eh
teacherchiang,DaXy8QHv4-6
laurenveur,DaXzafWAdeW
c13nn,DaXzS8vzd6f
jefferyjuniorr,DaXyOX_pzLb
_i_i_dayday,DaXzJLIB0TR
adasuper87,DYFIQdwviRa
ch.ineffable,DaZec_CRoXj
kudream,DaZuPn-y5Mh
ning3035,DaZvxSKj_Id
ooxxq60297ya,DaZoxaux9hP
pigcatmama,DaZtzVkE9-U
uriko1219,DaZkn3lk1EC
yoooniii___,DaZsoqzE8xC
yi_hsien_1123,DaZ_GUqE-Y2
2.20_l,DaaZ2RJJC76
51yui_,DaaYGzbFJ2-
althea_hsingan,DaaXssMTeF3
cailingliou,DaaTnbjlLFx
cinderzoee,DaaaMZcj5Tw
gdan_pudding,DaaWzzVzpku
hsuan09876,DaaSKDjRQN6
kcting_____,DaaNuMXJ7qo
maygobla,DaaYSDppJ-I
qdd_x1,DaaXboapbjX
thedodomen,DaaYD34Da0j
weiweibig,DaaQ9QLygsc
yuus2.0,Daacy6uSUmr
zora_1024,DaacjI_BtcD
c13nn,DaabV7XNHMJ
jefferyjuniorr,DaacU0QSAtM
lun.tw,DaaaiswTgO4
_i_i_dayday,DaacU0QSAtM
lyc._.16,DaaNpYJhKBI
1_shiuan_0,DaajY3bgT6v
frannie0420,Daalw6DAXYn
lees_is_me,DaahLh1zvao
ellieciouss,Daak6E_j9uJ
elun1020,DacA19STjeA
hoelaine1116,Dab_u8OD4Td
xbabyx520,DacKOzwkzxr
xin_yeee719,DacTLA9R3KM
l1vius07,DaaZGHQk-H1
ntsai25,Dac4mTzkwXl
rrei_ier,DacyalyvLgt
thedodomen,DacoIcMTeYd
lun.tw,Dac5FL5zBJ-
rli.tw,DacmzRlShat
hl_yuan,DacrAZNp6yj
lyc._.16,DacyaAmBh1n
brian_diandan,DacvBZtTtFV
althea_hsingan,Dac8M-mk0gP
annie19880521,DadAn57zxh8
ellieciouss,Dac-EQVj36F
lees_is_me,DadCwPXT3C-
ooxxq60297ya,Dac_IzUpYJ7
qdd_x1,DadFevdpjK0
teacherchiang,Dac8uHYP4Dz
wayne__yeah,Dac9mfdSqey
yoooniii___,DadNKFDE8Gh
laurenveur,DadHFY4BLyn
jefferyjuniorr,Dac80P3JMgI
_i_i_dayday,Dac806UyMAb
hoelaine1116,Daejosoj88c
ooxxq60297ya,Daehe0kmarU
tsengsean,Daely_wuWcW
51yui_,DafPqxchFwG
joliechi,DafX7CuxbIE
ning3035,DafOhSqvsPf
thedodomen,DafM9cyzqH4
zona.ccc,DafJ-2PPLv9
vigueurchen,DafXL8xzps7
lun.tw,DafOWn9TR6Q
brian_diandan,DafXi81vK5r
___hsun____,DaflGNtTRkh
2.20_l,DafkDSLJ7FY
althea_hsingan,DaffYsDTA_8
arielsvlog_816,DafeSpcShET
chuyo622,DaVCjC4RcZY
ellieciouss,DafhjzDvT66
l1vius07,DafbVdYk-AJ
lees_is_me,Dafp_X2Tfo8
nene_shao,DafhmGlgASO
ntsai25,DafnjfUzvdz
qdd_x1,DafhoZ3CV24
teacherchiang,DafhhKMP64i
wayne__yeah,DafifnNSTpx
xin_yeee719,DafbsjgyUPu
yoooniii___,DaffDw1k1vu
c13nn,Dafg0aYTto3
jefferyjuniorr,DafgkispvV9
_i_i_dayday,DafhhQ6ygZh
lyc._.16,Dafeb--GMwj
frannie0420,DafzkOygUD3
frannie0420,DaX-IeHhOGx
yi_chan_liang,DafyCHBmVjF
homei0416,DagPPX5kno-
homei0416,DaAsRGfEtn1
homei0416,DahVwM1TQFM
tanmilin,DahT58Rmy4D
alferdpacker69,DahV8HSCXuM
ooxxq60297ya,DahlFVwsVHW
tanmilin,DahoCbZzmk6
l1vius07,DahvsUtR9qS
hl_yuan,DahxxsTpO_u
lyc._.16,Dah4m1fBBUC
1_shiuan_0,Dah7wayAdvg
2.20_l,DaiFXkapoDx
alferdpacker69,DaiDSIvpTOl
althea_hsingan,DaiDnObzsPD
cinderzoee,DaiIYL9j_pF
cody.0928,DaiFhlrPpaq
ellieciouss,DaiEJxuvyZq
evalin555,DaiIJ-Uxkeu
hoelaine1116,DaiGsULD-W2
lees_is_me,DaiP4OCT2c7
nene_shao,DaiIMyrRo0t
qdd_x1,DaiEn9hJwXL
sonia_0929,DaiMMWTD2gR
syrinxcat,DaiIv8ulFnf
thedodomen,DaiGWv5ARrL
yoooniii___,DaiDiW1Tq_f
zora_1024,DaiGk8pFCod
c13nn,DaiH-g-TXNh
jefferyjuniorr,DaiFiuAJqeC
dylee.an,DaiNcdRCenf
q1a2z3w4s5x6r,DafAGqugf80
_i_i_dayday,DaiF4VFSCoI
alferdpacker69,DaieV88JwS6
alferdpacker69,Daic_x2pe5d
alferdpacker69,Daibf7ipWsZ
chuyo622,DaHW1-3S2Rx
dododo_yu,DaidB9CEzKu
snoop123v,DaiTxewEmIx
hoelaine1116,DajvANov-v1
annie19880521,DakB0NmzeIF
mimi00419,Daj3i71mA_u
51yui_,DakWpbgB76K
elun1020,DakWfS7SMhZ
itspeachi_,Dakj6w7u44f
joliechi,DakdW93Ja5U
lotmainidea,DakeSFvSEg_
ning3035,DakbQNfvyDy
qqamy0720,DakZ8VSkyrn
teacherchiang,DakWnQHFxXx
thedodomen,DakWiNrji-T
weiweibig,DakWBs5SLF_
zona.ccc,Daki-ouvPal
snoop123v,DakhoxgS4-N
lyc._.16,Dakgzaoh0tt
___hsun____,DaiA8czpSjD
1_shiuan_0,DakpYPihcGs
2.20_l,DakrC6kiV63
alferdpacker69,Dak92-mpMRJ
alferdpacker69,DaiiATRzt15
alferdpacker69,DaihuktT1Mp
althea_hsingan,Dakqm0cv0kA
apple_misscrazy,Dak3nP4E-8W
ellieciouss,DakwT-TuPhz
gdan_pudding,Dak8BKOEzAo
illywang,Dakl2quBlP3
lees_is_me,Dak2RiBTU6i
nene_shao,Daksj_umDRe
ooxxq60297ya,Dakxxafh8Rc
qdd_x1,Dak0--tJIHy
xbabyx520,DakmCcqzvge
yoooniii___,Dakq0_az2wO
yuus2.0,DaknAnMNRuo
c13nn,Daksd6HTN6a
jefferyjuniorr,DakqntuJp58
_i_i_dayday,DakrB0DSXvc
brian_diandan,Dakn7lRBnyb
alferdpacker69,DalIkxczKK_
dododo_yu,DamHDopAcnJ
ntsai25,DamSveHzoh8
tsengsean,DamTFrzFD2X
vv_levia,DamYLn-FHV2
diamond1018,DamffQ5RRKa
mimi00419,DambcwqNDd6
1_shiuan_0,DanD0GxgR7R
gdan_pudding,DanGHIkzE5w
homei0416,Dam1vtqzaTx
joliechi,Dam-IvbpMw6
ooxxq60297ya,DanDUJypzYr
tanmilin,DanIaM4zCS1
thedodomen,Dam7ShizHtL
hl_yuan,Dam6_ptJ0NM
2.20_l,DanJ6AniRMC
althea_hsingan,DanP740P1gS
ch.ineffable,DanXReQjwNj
ellieciouss,DanXcmHvM87
kcting_____,DanVIwCpQWV
l1vius07,DanaIg1k_QJ
lees_is_me,DanY8LvzS2n
maygobla,DanYHz0p2tI
nene_shao,DanQ08svFRw
ntsai25,DanP8DEE3cJ
teacherchiang,DamXnNugrzl
wayne__yeah,DanPyoPSOY9
c13nn,DanRhGkzI1X
jefferyjuniorr,DanPpxlpLzI
_i_i_dayday,DanP4cyy4KT
brian_diandan,DanQf-Ay3nU
clio1008,DanmV3kD6kE
evalin555,DandIw4R_Pn
nene_shao,DankkP5R2kj
mimi00419,DaowdxNNdc0
ntsai25,Dao23jDk-z1
gdan_pudding,DapHPNlTXDH
joliechi,Dao9_aDJB9c
thedodomen,Dao7f0uSYY1
cindyhhh32,DapWmIaxk4k
l1vius07,DapU8fgh-6V
qqamy0720,DapZPruhTSi
rrei_ier,DapePYvjylj
xin_yeee719,DapTJpeSD4L
tanmilin,Dapi874zsN7
yoooniii___,DapgTwVviWq
hl_yuan,DapjvExiXbf
2.20_l,DapxxZjJXox
ellieciouss,Dap24y5yhwQ
kusowhite,DapvLvqD4G5
kusowhite,DU0dNn_jwGx
kusowhite,DSfA4KPD9--
ooxxq60297ya,DapwgKWFL4e
thedodomen,Dap0xEtCYch
uriko1219,DapwQxfE6xM
yi_chan_liang,Dap1g0bGcD9
zona.ccc,DapsfpimRky
c13nn,Dap2nmTTQpd
jefferyjuniorr,Dap0a2jJiYW
_i_i_dayday,Dap0a2jJiYW
lyc._.16,DapqeBBBBTR
lees_is_me,Dap6PdTTgRY
yoooniii___,DaqCSVyzsyS
zora_1024,Dap9z3GAU8B
1_shiuan_0,DaqDn4okhMJ
ntsai25,DarWxYgTp93
teacherchiang,DarRTYpiIrx
thedodomen,DarmFyoEdpH
vv_levia,Darf1hslE0w
snoop123v,DarefPkynN7
tanmilin,Darx0UDGwYx
51yui_,DasGH89BJJy
joliechi,DasEX36ppo4
mimi00419,DasF1LktNgR
1_shiuan_0,DasT8pUhWqW
2.20_l,DasZ6ZaJbzC
gdan_pudding,DasO01_E1zR
itspeachi_,DasN59gOrRU
wayne__yeah,DasbvxCSrVU
weiweibig,DasP63BSaqk
yoooniii___,DasZH8QziYK
jefferyjuniorr,DasZAMcJbr_
_i_i_dayday,DasZa0ayObS
lyc._.16,DasPOnzhwQQ
althea_hsingan,DasguEczPII
cinderzoee,DasgXbejxFC
ellieciouss,DasiA3RvgL2
lees_is_me,DasfVMaToSB
zora_1024,Dasn4PmFJ4Q
ooxxq60297ya,Dasq7Anv3nz
alferdpacker69,DatAAKxzRGN
alferdpacker69,Das_BegTaGH
alferdpacker69,DatFgN-zIqH
dododo_yu,Dat6GBEgQEV
arielsvlog_816,DauGxRyEnsB
hoelaine1116,DauAVC3vrvl
ntsai25,DauAhQyhWn4
51yui_,Daup_nFBcCD
annie19880521,DaujKYBzYMA
ooxxq60297ya,DaunRGuPfad
tanmilin,DaupA1rTIhj
tanmilin,DasADjkTe52
rli.tw,DautOAzy7gR
2.20_l,Dau-_BApzPm
althea_hsingan,Dau9xwrvVRX
homei0416,DauxST5Anpo
illywang,DauuPOrlBmQ
ning3035,Daut7rnvOIQ
thedodomen,Dau-YLfjtZ3
wayne__yeah,Dau_L24S4M9
zona.ccc,Dau67k9P5MO
jefferyjuniorr,Dau99tpJahd
lun.tw,Dau-g6gTgDW
snoop123v,Dau1q8cy-A3
_i_i_dayday,Dau98CMyZts
lyc._.16,Dau1ij6M8NL
ellieciouss,DavBzM1j9hC
gdan_pudding,DavQM4Zk2dl
joliechi,DavCCfipt_o
lees_is_me,DavJxkaTTyU
yoooniii___,DavEJTME-pY
zora_1024,DavBSiqJ3uy
laurenveur,DavR0eIBitt
alferdpacker69,Davlbq6ThWV
homei0416,Dau66aEzrRM
apple_misscrazy,DawoGu2zlgb
hoelaine1116,DawlKmoPdqy
ooxxq60297ya,DawoCOsSNLH
rli.tw,Dawf5xIycjB
annie19880521,DawvlUgzGJF
yuus2.0,DakmXximN2r
tanmilin,DaxToN1zwsE
tsengsean,DaxG1E2hFpu
hl_yuan,DaxPNCrpPaI
_nakaw,DaxZLKMmbtJ
2.20_l,DaxcfleJGmV
david_der_der,DaurpwFzF5R
itspeachi_,DaxU8UOuuox
ntsai25,Daxd9z2E4uc
qqamy0720,DaxW9S8hlnE
xbabyx520,DaxZ0cukyug
xin_yeee719,DaxeD7Nkc_0
yuus2.0,DaxZWFAP3yK
jefferyjuniorr,DaxYEDMM_Qv
dylee.an,Daxd8h0Ce0B
lyc._.16,DaxYyOIB2wW
brian_diandan,DaxYEDMM_Qv
althea_hsingan,DaxiEodT8_J
ellieciouss,DaxqoULD38x
kcting_____,DaxiOqfJLjn
lees_is_me,DaxnqkdT-zo
nene_shao,DaxfD2Vz7fF
sonia_0929,Daxnnq1j10-
teacherchiang,Daxjbv7xkEj
thedodomen,Daxp3hfkozj
wayne__yeah,DaxmxnTSg1s
yoooniii___,Daxj_TPTYQj
c13nn,Daxjs3DTu_o
_i_i_dayday,DaxjIN8ksC2
cailingliou,Daxwv0Ek90h
hoelaine1116,DazKLhHPjlj
vv_levia,DazISPDFC2A
tanmilin,DazlZ9gG2Cs
weiweibig,DazzUWvT2VV
xbabyx520,Daz0d6UTbXp
apple_misscrazy,Daz7Fuyz52R
elun1020,Da0A_ebyZrp
kcting_____,Daz_s-Jpln7
ooxxq60297ya,Daz7CiBhAIY
sonia_0929,Daz_y6tP02m
vigueurchen,Da0BB7-TA9W
dylee.an,Da0BBc2B1KJ
lyc._.16,Da0BPHzswaS
2.20_l,Da0DLlFCfWI
althea_hsingan,DazKJ8hE9FE
annie19880521,Da0JfO-zUm3
cinderzoee,Da0Las4vdOy
ellieciouss,Da0HsmwvFT-
maygobla,Da0QHUwpgPR
nene_shao,Da0H_sexlJJ
rrei_ier,Da0ETVQvreB
teacherchiang,Da0Hv9JPxjL
thedodomen,Da0H2dazB3j
wayne__yeah,Da0JIOTybl_
zora_1024,Da0LOtklFcv
jefferyjuniorr,Da0HcfPJdBo
lun.tw,Da0EaOzTsvp
_i_i_dayday,Da0FUMASEm9
lees_is_me,Da0WPutzZso
cailingliou,Da1AbxjE0ug
hoelaine1116,Da1uFFRvblr
im_lilflower,Da1u_fME8uh
cailingliou,Da1uaOdRy52
ch.ineffable,Da1yfH6xb2E
ooxxq60297ya,Da15eeVhIpd
yuus2.0,Da1vAn2vV7v
l1vius07,Da2Rgz8k52Y
coffeewayne_,Da2XW8Oz-nM
51yui_,Da2l2oQud5C
apple_misscrazy,Da2dxAJk44t
joliechi,Da2kcjvpF7q
kcting_____,Da2mJz0p9Pa
rrei_ier,Da2o7dBjyHC
tanmilin,Da2lah1G1aZ
yoooniii___,Da2kg3gk1ru
zora_1024,Da2lyaoBaFH
hl_yuan,Da2bSuzJmw-
lyc._.16,Da2fA7qhnqE
2.20_l,Da2tcGFJ-g1
althea_hsingan,Da2qt-2T2bA
cinderzoee,Da2wlUsj-kC
diamond1018,Da2t3lbRcPI
ellieciouss,Da2tZpBPJTu
lees_is_me,Da2s1CPzokZ
maygobla,Da21gK3GOLw
teacherchiang,Da2uW1AjwNL
thedodomen,Da2tbv6yxz2
wayne__yeah,Da2uIp_y3Kb
yi_chan_liang,Da23XjKM3N0
zona.ccc,Da20K7CSO5h
laurenveur,Da23BO2AX5P
jefferyjuniorr,Da2sd4wJbw8
_i_i_dayday,Da2slWshFl1
david_der_der,DaxjDTVBdxv
dododo_yu,Da3CqgWgZwh
yoooniii___,Da2mAupzWTe
ch.ineffable,Da4PzbaxO_g
tanmilin,Da4OTtLztyW
hoelaine1116,Da4XCMBPW1E
yuus2.0,Da4UdJ8vTZq
zora_1024,Da2mdCpphpM
cindyhhh32,Da4xIuqBwbY
kudream,Da49TW1FDNL
tsengsean,Da4zWWmpNY_
51yui_,Da5DFpmhAVI
joliechi,Da5ALaLJhn9
lotmainidea,Da5DwRbz9sJ
mimi00419,Da5KrNNgZln
thedodomen,Da5BmFsSkf_
_nakaw,Da5cXJQGaFo
2.20_l,Da5SLkhiWHG
annie19880521,Da5RjZXzybU
ellieciouss,Da5RCEmPZ-W
lees_is_me,Da5a-PgTRwE
nene_shao,Da5QYlrTrNx
wayne__yeah,Da5UQLgv3GM
jefferyjuniorr,Da5RXAuJawx
_i_i_dayday,Da5OBFfhDgV
lyc._.16,Da5OBFfhDgV
teacherchiang,Da65kb2Ak7Y
thedodomen,Da64d2ikTKF
zora_1024,Da65inMmMRC
ooxxq60297ya,Da7MIGMPqXa
snoop123v,Da7UUTJEv6B
ch.ineffable,Da7U6LVRbG4
vigueurchen,Da7auOjE9A0
hoelaine1116,Da7oxs7D_LX
joliechi,Da7lQAkJMWs
yoooniii___,Da7oykKTrNr
___hsun____,Da5D_xapock
2.20_l,Da7y9v2JQ6T
ellieciouss,Da71FEbvXIM
qdd_x1,Da7zrK2p043
sonia_0929,Da718c_vtmc
thedodomen,Da72YJolBUl
jefferyjuniorr,Da72QxPJg0i
q1a2z3w4s5x6r,Da735iMhGwV
_i_i_dayday,Da729zpycLF
lees_is_me,Da8BmNCz48z
ntsai25,Da7_wNmk3OJ
zona.ccc,Da8D9T4mUUp
thedodomen,Da9Ya-dkgiL
ooxxq60297ya,Da9sOMpP1nZ
yoooniii___,Da9xmvLE80V
nene_shao,Da-MHYLTmVK
hl_yuan,Da-HJN3Jl3n
2.20_l,Da-ag-zpQBx
annie19880521,Da-WHYHk2_U
cindyhhh32,Da-UBE1BfPS
hoelaine1116,Da-bEeavdgi
l1vius07,Da-V_uZk9R5
ning3035,Da-S1C9vKEc
thedodomen,Da-bIxYjJB6
wayne__yeah,Da-c9VWS9E1
q1a2z3w4s5x6r,Da-SXaJEsCx
_i_i_dayday,Da-bkjTSom9
lyc._.16,Da-RJU1sUVW
brian_diandan,Da-R5x5Jlr_
itspeachi_,Da-gduxu0AG
lees_is_me,Da-gf8rT5ol
lees_is_me,Da-jNzFT4dd
maygobla,Da-l3JLmMZT
xin_yeee719,Da-e2BvlPJd
laurenveur,Da-iAJqgWuu
jefferyjuniorr,Da-a0mtJn18
run_fong0526,DZoUWqspgpL
hoelaine1116,DbACuPJvhr2
ntsai25,DbACETzheeU
plgm_0827,Da_o_4xyRJK
plgm_0827,Daz95xEPMoI
plgm_0827,DawPfzZPPRG
apple_misscrazy,DbAPXXdE1rF
xbabyx520,DbAexYJzj9q
david_der_der,DbAlO7klNhM
ning3035,DbAwTKxv0qf
tanmilin,DbAfgnzTG54
tsengsean,DbAitpZJD2u
rli.tw,DbAwdM8zADv
coffeewayne_,DbA14L3TZch
q1a2z3w4s5x6r,DbA35j9AfQQ
brian_diandan,DbA0O_OOo0H
2.20_l,DbA9B22CaUN
51yui_,DbA5VWrhgM4
arielsvlog_816,DbBCzT2yO1Y
ch.ineffable,DbBAZSVjwU9
cindyhhh32,DbA9yPPhCIa
ellieciouss,DbBAnuOv1Di
ellieciouss,Da-e2RfPOaK
joliechi,DbA98_-piR5
m____sir,DbA9uFlAbcO
mimi00419,DbBFF7VGKvn
qop0102qop,DbBEZ1aFJoT
teacherchiang,DbA_xnOv8It
thedodomen,DbA_83Xk6xW
wayne__yeah,DbBAGOFSbzn
yoooniii___,DbA83J9E-Qf
yuus2.0,DbA5yWkvUIK
zora_1024,DbBEE-thVEw
c13nn,DbBCsBbz0St
jefferyjuniorr,DbA_Uczpra6
lun.tw,DbA-5PFk2i9
_i_i_dayday,DbA_vVayL1F
lyc._.16,DbA54r6MtZX
lees_is_me,DbBMBuaTL2L
qqamy0720,DbBRULKFGpe
zona.ccc,DbBLuqOPDLd
hoelaine1116,DbCmutrvE-k
ooxxq60297ya,DbCoMP5A-Xj
teacherchiang,DbCzol1lWSm
yoooniii___,DbCr1jwk_HV
ch.ineffable,DbDMRCXRBUE
rrei_ier,DbDCA43DxSA
tanmilin,DbDF0EBTdXr
tanmilin,DbCcspCThjC
___hsun____,DbA_rKSOUvC
51yui_,DbDOA9phiKm
gdan_pudding,DbDaHKNRttM
gdan_pudding,DbBFDaoTnH2
nene_shao,DbDaHKNRttM
pigcatmama,DbDPRcsEWXQ-Irs9JdjODyQSQNMOfZ3sk98uAY0
thedodomen,DbDQDmyTV_P
yuus2.0,DbDaHKNRttM
hl_yuan,DbDRYNFp2D2
snoop123v,DbDc9-CyQ4E
brian_diandan,DbDaRyGPCnn
1_shiuan_0,DbDjf0MgYOi
2.20_l,DbDh196CVTQ
ch.ineffable,DbDfuy7v02L
cinderzoee,DbDoKBpv38m
ellieciouss,DbDlGx5vJ3j
kcting_____,DbDrS0npcqn
l1vius07,DbDd078k0TF
ntsai25,DbDiTZVTQr8
wayne__yeah,DbDl8V_Sx1P
zora_1024,DbDms4LlKnQ
jefferyjuniorr,DbDd7bypHzM
dylee.an,DbDd7bypHzM
lun.tw,DbDoZkkPqWd
_i_i_dayday,DbDlMpfSAl2
diamond1018,DbDuZLBRLPC
frannie0420,DbDtAudgfo0
lees_is_me,DbDuFV3zuEl
patrickliu0721,Da0H-jfhTqg
patrickliu0721,DanQd7rBVqP
patrickliu0721,DaiGwXqhGog
syrinxcat,DbDunY6FJTd
patrickliu0721,DbD5UjbE1RK
